FILE;TIPO;IMAGES;FONTS;SIZE;CREATOR;PRODUCER;TAGGED;FORM;PAGES;ENCRYPTED;OPTIMIZED;PAGESIZE;VERSION;ROTATION;PAGELINESFIRST;PAGELINESSECOND;PAGELINESLAST;FWORDS1;TWORDS1
F001;txt;3;5;118266;PDFsharp 1.2.1269-g (www.pdfsharp.com) ;PDFsharp 1.2.1269-g (www.pdfsharp.com) ;no;none;4;no;no;595 x 842 pts (A4);1.4;0;34;16;34;11;211
F002;txt;3;5;118548;PDFsharp 1.2.1269-g (www.pdfsharp.com) ;PDFsharp 1.2.1269-g (www.pdfsharp.com) ;no;none;4;no;no;595 x 842 pts (A4);1.4;0;38;16;34;16;240
F003;ocr;1;0;274558;none;none;no;none;1;no;yes;841.89 x 595.276 pts (A4);1.4;270;1;0;0;0;0
F004;txt;3;10;86078;Microsoft® Word 2010 ;PDFsharp 1.32.2608-g (www.pdfsharp.net) (Original: þÿ ;no;none;3;no;yes;595 x 842 pts (A4);1.5;0;24;36;70;1;60
F005;ocr;3;4;355091;PFU ScanSnap Manager 6.2.20 #iX500 ;PDFsharp 1.32.2608-g (www.pdfsharp.net) (Original: Adobe PDF Scan Library 3.2) ;no;none;2;no;yes;595 x 842 pts (A4);1.4;0;43;11;11;1;168
F006;txt;6;11;269773;none;none;no;none;0;no;no;none;none;0;0;0;0;0;0
F007;ocr;18;0;29915;KMBT_C364 ;KONICA MINOLTA bizhub C364 ;no;none;1;no;yes;595.08 x 841.68 pts;1.4;0;1;0;0;0;0
F008;ocr;6;0;278590;PDFCreator Version 1.5.0 ;GPL Ghostscript 9.05 ;no;none;2;no;no;595 x 842 pts (A4);1.4;90;1;1;1;0;0
F009;ocr;5;0;477850;250;250;no;none;5;no;yes;841.68 x 595.08 pts;1.4;0;1;1;1;0;0
F010;txt;1;2;67751;Microsoft Office Word ;Aspose.Words for .NET 10.3.0.0 ;no;none;1;no;yes;595.3 x 841.9 pts (A4);1.5;0;36;0;0;16;170
F011;txt;4;9;309361;Microsoft® Word 2010 ;PDFsharp 1.32.2608-g (www.pdfsharp.net) (Original: þÿ M i c r o s o f t ®   W o r d   2 0 1 0) ;no;none;3;no;no;595 x 842 pts (A4);1.5;0;29;81;68;4;106
F012;txt;2;4;984898;PDFsharp 1.2.1269-g (www.pdfsharp.com) ;PDFsharp 1.2.1269-g (www.pdfsharp.com) ;no;none;4;no;yes;595 x 842 pts (A4);1.4;0;56;54;1;9;253
F013;ocr;3;3;102362;none;iText 5.0.4 (c) 1T3XT BVBA;no;none;0;no;no;none;none;0;0;0;0;0;0
F014;ocr;3;3;108858;none;iText 5.0.4 (c) 1T3XT BVBA;no;none;0;no;no;none;none;0;0;0;0;0;0
F015;txt;28;2;180765;Microsoft® Office Word 2007 ;Microsoft® Office Word 2007 ;no;none;4;no;yes;595.32 x 841.92 pts (A4);1.5;0;41;1;1;13;222
F016;txt;142;2;408300;Microsoft® Office Word 2007 ;Microsoft® Office Word 2007 ;no;none;11;no;yes;595.32 x 841.92 pts (A4);1.5;0;52;1;1;15;246
F017;txt;110;2;328880;Microsoft® Office Word 2007 ;Microsoft® Office Word 2007 ;no;AcroForm;9;no;yes;595.32 x 841.92 pts (A4);1.5;0;53;1;1;13;203
F018;txt;0;6;660745;PDFCreator 2.2.2.0 Producer:       PDFCreator 2.2.2.0;none;no;none;0;no;no;none;none;0;0;0;0;0;0
F019;txt;142;2;345042;Microsoft® Office Word 2007 ;Microsoft® Office Word 2007 ;no;none;10;no;yes;595.32 x 841.92 pts (A4);1.5;0;55;1;1;19;289
F020;txt;2;6;129836;none;iText 5.0.4 (c) 1T3XT BVBA;no;none;0;no;no;none;none;0;0;0;0;0;0
F021;ocr;3;0;1759112;Sistemas Juridicos ;Gateway Software Productions, PDF_OCX v1.5 ;no;none;3;no;yes;595.2 x 841.44 pts;1.4;0;1;1;1;0;0
F022;ocr;1;0;378841;RICOH MP C5503 ;RICOH MP C5503 ;no;none;1;no;yes;841.92 x 595.2 pts (A4);1.4;90;1;0;0;0;0
F023;txt;2;8;173106;none;iText 5.0.4 (c) 1T3XT BVBA;no;none;0;no;no;none;none;0;0;0;0;0;0
F024;txt;5;18;148488;PDFsharp 1.2.1269-g (www.pdfsharp.com) ;PDFsharp 1.2.1269-g (www.pdfsharp.com) ;no;none;5;no;no;595 x 842 pts (A4);1.4;0;36;40;39;9;127
F025;txt;15;22;233552;PDFsharp 1.2.1269-g (www.pdfsharp.com) ;PDFsharp 1.2.1269-g (www.pdfsharp.com) ;no;none;15;no;no;595 x 842 pts (A4);1.4;0;36;22;21;9;129
F026;txt;347;10;9294250;Aspose.Words ;Aspose.Pdf.Kit for .NET 5.4.0.0 ;no;none;349;no;yes;595.35 x 842 pts (A4);1.6;0;55;7;38;16;343
F027;txt;7;4;503559;PDFsharp 1.2.1269-g (www.pdfsharp.com) ;PDFsharp 1.2.1269-g (www.pdfsharp.com) ;no;none;8;no;yes;595 x 842 pts (A4);1.4;0;62;1;32;10;419
F028;ocr;0;2;51805;PDFCreator 2.2.2.0 Producer:       PDFCreator 2.2.2.0 ;PDFCreator 2.2.2.0 ;no;none;1;no;yes;595 x 842 pts (A4);1.6;90;121;0;0;0;162
F029;ocr;2;0;88290;Canon iR1022 ;Canon iR1022 ;no;none;2;no;yes;599.04 x 840.96 pts;1.3;0;1;1;1;0;0
F030;txt;0;2;35240;PDFCreator Version 1.7.1 ;GPL Ghostscript 9.07 ;no;none;2;no;no;595 x 842 pts (A4);1.4;90;34;3;3;2;60
F031;ocr;25;0;1904637;Xerox Phaser 3635MFP ;Xerox Phaser 3635MFP ;no;none;25;no;yes;595 x 842 pts (A4);1.5;0;1;1;1;0;0
F032;ocr;2;0;133197;none;none;no;none;2;no;yes;595.44 x 842.04 pts (A4);1.4;0;1;1;1;0;0
F033;txt;2;5;166936;none;none;no;none;0;no;no;none;none;0;0;0;0;0;0
F034;txt;1;9;1476695;Microsoft® Word 2013 ;Microsoft® Word 2013;no;none;0;no;no;none;none;0;0;0;0;0;0
F035;txt;12;9;441815;Aspose.Words ;Aspose.Pdf.Kit for .NET 5.4.0.0 ;no;none;14;no;yes;595.35 x 842 pts (A4);1.6;0;61;16;1;14;276
F036;txt;3;6;157642;none;iText 5.0.4 (c) 1T3XT BVBA;no;none;0;no;no;none;none;0;0;0;0;0;0
F037;txt;0;2;45582;PDFCreator Version 1.7.1 ;GPL Ghostscript 9.07 ;no;none;1;no;yes;595 x 842 pts (A4);1.4;0;43;0;0;14;219
F038;txt;0;2;45384;PDFCreator Version 1.7.1 ;GPL Ghostscript 9.07 ;no;none;1;no;yes;595 x 842 pts (A4);1.4;0;37;0;0;11;208
F039;ocr;3;3;268229;Hewlett-Packard MFP ;PDFsharp 1.31.1789-g (www.pdfsharp.com) (Original: iText 2.1.7 by 1T3XT) ;no;AcroForm;3;no;no;595.32 x 841.92 pts (A4);1.4;0;7;5;5;0;20
F040;ocr;1;2;39317;PDFsharp 1.31.1789-g (www.pdfsharp.com) ;PDFsharp 1.31.1789-g (www.pdfsharp.com) (Original: iText 1.4.5 (by lowagie.com)) ;no;none;1;no;yes;595 x 842 pts (A4);1.4;0;5;0;0;0;11
F041;txt;6;12;481569;PDFsharp 1.32.2608-g (www.pdfsharp.net) ;PDFsharp 1.32.2608-g (www.pdfsharp.net) ;no;none;4;no;no;595 x 842 pts (A4);1.4;0;43;11;57;2;205
F042;ocr;2;0;677839;KMBT_C360 ;KONICA MINOLTA bizhub C360 ;no;none;2;no;yes;595.08 x 841.68 pts;1.4;0;1;1;1;0;0
F043;txt;5;7;155250;PDFsharp 1.32.2608-g (www.pdfsharp.net) ;PDFsharp 1.32.2608-g (www.pdfsharp.net) (Original: iText® 5.1.2 ©2000-2011 1T3XT BVBA;no;none;0;no;no;none;none;0;0;0;0;0;0
F044;txt;5;7;155250;PDFsharp 1.32.2608-g (www.pdfsharp.net) ;PDFsharp 1.32.2608-g (www.pdfsharp.net) (Original: iText® 5.1.2 ©2000-2011 1T3XT BVBA;no;none;0;no;no;none;none;0;0;0;0;0;0
F045;txt;3;8;128056;none;none;no;none;0;no;no;none;none;0;0;0;0;0;0
F046;txt;5;6;146474;PDFsharp 1.32.2608-g (www.pdfsharp.net) ;PDFsharp 1.32.2608-g (www.pdfsharp.net) (Original: iText® 5.1.2 ©2000-2011 1T3XT BVBA;no;none;0;no;no;none;none;0;0;0;0;0;0
F047;txt;5;10;210693;none;none;no;none;0;no;no;none;none;0;0;0;0;0;0
F048;ocr;2;0;307658;RICOH MP 5054 ;RICOH MP 5054 ;no;none;2;no;yes;842.04 x 595.44 pts (A4);1.4;270;1;1;1;0;0
F049;txt;3;8;162211;none;none;no;none;0;no;no;none;none;0;0;0;0;0;0
F050;txt;5;7;156003;PDFsharp 1.32.2608-g (www.pdfsharp.net) ;PDFsharp 1.32.2608-g (www.pdfsharp.net) (Original: iText® 5.1.2 ©2000-2011 1T3XT BVBA;no;none;0;no;no;none;none;0;0;0;0;0;0
F051;ocr;3;3;154766;none;iText 5.0.4 (c) 1T3XT BVBA;no;none;0;no;no;none;none;0;0;0;0;0;0
F052;ocr;9;0;401181;none;none;no;none;9;no;yes;599.04 x 842.04 pts;1.3;0;1;1;1;0;0
F053;ocr;1;0;71569;none;none;no;none;1;no;yes;599.04 x 842.04 pts;1.3;0;1;0;0;0;0
F054;ocr;18;0;387960;PScript5.dll Version 5.2.2 ;Acrobat Distiller 9.0.0 (Windows) ;no;none;18;no;yes;595 x 842 pts (A4);1.5;0;1;1;1;0;0
F055;ocr;6;0;429417;Sistemas Juridicos ;Gateway Software Productions, PDF_OCX v1.5 ;no;none;6;no;yes;595.44 x 841.92 pts (A4);1.4;0;1;1;1;0;0
F056;ocr;8;0;85293;Canon iR-ADV C5235  PDF ;Adobe PSL 1.2e for Canon ;no;none;2;no;yes;595.2 x 841.44 pts;1.4;0;1;1;1;0;0
F057;ocr;4;0;152028;none;iText 1.4.5 (by lowagie.com) ;no;none;4;no;yes;595 x 842 pts (A4);1.4;0;1;1;1;0;0
F058;ocr;1;3;83420;PScript5.dll Version 5.2.2 ;AFPL Ghostscript 8.50 ;no;none;1;no;yes;595 x 842 pts (A4);1.3;0;51;0;0;20;264
F059;ocr;1;2;137230;none;iText 2.1.7 by 1T3XT ;no;AcroForm;1;no;no;595.08 x 841.68 pts;1.6;0;9;0;0;0;26
F060;ocr;8;0;51303;KM_554e ;KONICA MINOLTA bizhub 554e ;no;none;1;no;yes;595 x 841 pts;1.4;0;1;0;0;0;0
F061;ocr;24;0;55658;KM_554e ;KONICA MINOLTA bizhub 554e ;no;none;2;no;yes;595 x 841 pts;1.4;0;1;1;1;0;0
F062;ocr;4;0;182591;Sistemas Juridicos ;Gateway Software Productions, PDF_OCX v1.5 ;no;none;4;no;yes;595.08 x 841.68 pts;1.4;0;1;1;1;0;0
F063;ocr;15;0;685736;PDFCreator Version 1.7.1 ;GPL Ghostscript 9.07 ;no;none;15;no;no;595 x 842 pts (A4);1.4;0;1;1;1;0;0
F064;ocr;16;0;488892;Sistemas Juridicos ;Gateway Software Productions, PDF_OCX v1.5 ;no;none;16;no;yes;595.08 x 841.68 pts;1.4;0;1;1;1;0;0
F065;txt;2;7;71788;Nitro Pro 8 ;none;no;AcroForm;3;no;yes;595 x 842 pts (A4);1.7;90;59;15;26;26;216
F066;ocr;1;0;46928;Sistemas Juridicos ;Gateway Software Productions, PDF_OCX v1.5 ;no;none;1;no;yes;595.08 x 841.68 pts;1.4;0;1;0;0;0;0
F067;txt;3;6;176985;none;iText 5.0.4 (c) 1T3XT BVBA;no;none;0;no;no;none;none;0;0;0;0;0;0
F068;txt;2;8;173182;none;iText 5.0.4 (c) 1T3XT BVBA;no;none;0;no;no;none;none;0;0;0;0;0;0
F069;txt;3;26;832976;PDFsharp 1.32.2608-g (www.pdfsharp.net) ;PDFsharp 1.32.2608-g (www.pdfsharp.net) ;no;none;47;no;no;595 x 842 pts (A4);1.4;0;42;43;11;2;105
F070;txt;2;5;112333;PFU ScanSnap Manager 5.1.30 #S1500 ;Adobe PDF Scan Library 3.2 ;no;none;2;no;yes;588.24 x 842.04 pts;1.3;0;62;1;1;26;350
F071;txt;28;4;1315171;PDFsharp 1.2.1269-g (www.pdfsharp.com) ;PDFsharp 1.2.1269-g (www.pdfsharp.com) ;no;none;29;no;yes;595 x 842 pts (A4);1.4;0;33;1;1;14;274
F072;ocr;22;9;1461724;none;none;no;none;22;no;yes;595 x 842 pts (A4);1.5;0;52;60;77;6;103
F073;txt;3;2;135999;PScript5.dll Version 5.2.2 ;AFPL Ghostscript 8.50 ;no;none;3;no;yes;595 x 842 pts (A4);1.3;0;59;50;38;33;287
F074;txt;1;3;60197;PScript5.dll Version 5.2.2 ;AFPL Ghostscript 8.50 ;no;none;1;no;yes;595 x 842 pts (A4);1.3;0;31;0;0;10;172
F075;txt;2;9;216658;Microsoft® Word 2013 ;PDFsharp 1.32.2608-g (www.pdfsharp.net) (Original: þÿ M i c r o s o f t ®   W o r d   2 0 1 3) ;no;none;2;no;no;595.32 x 841.92 pts (A4);1.5;0;35;65;65;15;212
F076;ocr;1;0;511579;Canon iR C3580                   ;Canon iR C3580                   ;no;none;1;no;yes;594.36 x 840.6 pts;1.3;0;1;0;0;0;0
F077;txt;1;4;154377;Microsoft® Office Word 2007 ;Microsoft® Office Word 2007 ;yes;none;3;no;yes;595.2 x 841.92 pts (A4);1.5;0;29;22;2;22;261
F078;txt;1;8;154154;PDFCreator Version 1.7.1 ;GPL Ghostscript 9.07;no;none;0;no;no;none;none;0;0;0;0;0;0
F079;ocr;6;0;292838;PDFCreator Version 1.5.0 ;GPL Ghostscript 9.05 ;no;none;2;no;no;595 x 842 pts (A4);1.4;90;1;1;1;0;0
F080;ocr;1;1;340993;KMBT_C252 ;KONICA MINOLTA bizhub C252;no;none;0;no;no;none;none;0;0;0;0;0;0
F081;ocr;1;0;33546;TOSHIBA e-STUDIO451c ;MFPImgLib V3.5 ;no;none;1;no;yes;584 x 830 pts;1.7;0;1;0;0;0;0
F082;ocr;8;1;2000645;22C-1Pardo Geijo ;Mac OS X 10.11 Quartz PDFContext ;no;AcroForm;8;no;yes;595.08 x 841.68 pts;1.5;0;2;1;1;0;2
F083;txt;1;2;72419;none;EVO HTML to PDF Converter 5.6 ;no;none;1;no;yes;612 x 842 pts;1.5;0;46;0;0;10;41
F084;txt;39;8;3270078;PDFsharp 1.2.1269-g (www.pdfsharp.com) ;PDFsharp 1.2.1269-g (www.pdfsharp.com) ;no;none;41;no;yes;595 x 842 pts (A4);1.4;0;51;30;1;33;465
F085;txt;1;2;113359;Microsoft® Office Word 2007 ;Microsoft® Office Word 2007 ;yes;none;2;no;yes;595.32 x 842.04 pts (A4);1.5;0;23;1;1;7;127
F086;txt;6;5;95461;none;iText® 5.1.3 ©2000-2011 1T3XT BVBA ;no;none;2;no;yes;595 x 842 pts (A4);1.4;0;50;35;35;20;351
F087;txt;9;6;126347;none;iText® 5.1.3 ©2000-2011 1T3XT BVBA ;no;none;3;no;yes;595 x 842 pts (A4);1.4;0;48;48;17;25;352
F088;txt;9;6;126345;none;iText® 5.1.3 ©2000-2011 1T3XT BVBA ;no;none;3;no;yes;595 x 842 pts (A4);1.4;0;48;48;17;25;352
F089;ocr;18;0;637573;none;none;no;none;18;no;yes;595.44 x 842.04 pts (A4);1.4;0;1;1;1;0;0
F090;ocr;1;0;46414;PFU ScanSnap Manager 4.2.31 ;Adobe PDF Scan Library 2.3 ;no;none;1;no;yes;592.32 x 842.4 pts;1.3;0;1;0;0;0;0
F091;txt;16;2;27369;none;null ;no;none;3;yes (print:yes copy:no change:no addNotes:no algorithm:RC4);no;595 x 842 pts (A4);1.3;0;16;52;48;6;67
F092;txt;21;2;29676;none;null ;no;none;4;yes (print:yes copy:no change:no addNotes:no algorithm:RC4);no;595 x 842 pts (A4);1.3;0;16;51;35;6;67
F093;txt;21;2;29661;none;null ;no;none;4;yes (print:yes copy:no change:no addNotes:no algorithm:RC4);no;595 x 842 pts (A4);1.3;0;16;42;34;6;67
F094;txt;16;2;27353;none;null ;no;none;3;yes (print:yes copy:no change:no addNotes:no algorithm:RC4);no;595 x 842 pts (A4);1.3;0;16;52;23;6;67
F095;txt;16;2;27634;none;null ;no;none;3;yes (print:yes copy:no change:no addNotes:no algorithm:RC4);no;595 x 842 pts (A4);1.3;0;16;50;31;6;67
F096;txt;26;2;32424;none;null ;no;none;5;yes (print:yes copy:no change:no addNotes:no algorithm:RC4);no;595 x 842 pts (A4);1.3;0;16;44;22;6;67
F097;txt;16;2;27245;none;null ;no;none;3;yes (print:yes copy:no change:no addNotes:no algorithm:RC4);no;595 x 842 pts (A4);1.3;0;16;50;43;6;67
F098;txt;16;2;28684;none;null ;no;none;3;yes (print:yes copy:no change:no addNotes:no algorithm:RC4);no;595 x 842 pts (A4);1.3;0;16;50;36;6;67
F099;txt;21;2;29614;none;null ;no;none;4;yes (print:yes copy:no change:no addNotes:no algorithm:RC4);no;595 x 842 pts (A4);1.3;0;16;54;29;6;67
F100;txt;21;2;30492;none;null ;no;none;4;yes (print:yes copy:no change:no addNotes:no algorithm:RC4);no;595 x 842 pts (A4);1.3;0;16;52;30;6;67
F101;txt;16;2;26996;none;null ;no;none;3;yes (print:yes copy:no change:no addNotes:no algorithm:RC4);no;595 x 842 pts (A4);1.3;0;16;51;41;6;67
F102;txt;16;2;28939;none;null ;no;none;3;yes (print:yes copy:no change:no addNotes:no algorithm:RC4);no;595 x 842 pts (A4);1.3;0;16;49;40;6;67
F103;txt;2;9;123645;Microsoft® Word 2010 ;PDFsharp 1.32.2608-g (www.pdfsharp.net) (Original: þÿ M i c r o s o f t ®   W o r d   2 0 1 0) ;no;none;2;no;no;595.32 x 841.92 pts (A4);1.5;0;43;89;89;21;259
F104;ocr;2;0;51450;KMBT_421 ;KONICA MINOLTA bizhub 421 ;no;none;2;no;yes;587.52 x 840.96 pts;1.4;0;1;1;1;0;0
F105;txt;2;5;148254;none;tx_pdf 21.0.151.500 ;no;none;2;no;yes;595.35 x 842 pts (A4);1.4;0;54;11;11;20;262
F106;txt;707;6;113906;PScript5.dll Version 5.2.2 ;AFPL Ghostscript 8.50 ;no;none;1;no;yes;595 x 842 pts (A4);1.3;0;37;0;0;8;176
F107;txt;0;4;12136;Microsoft® Office Word 2007 ;Microsoft® Office Word 2007 ;yes;none;1;no;yes;595.32 x 842.04 pts (A4);1.5;0;29;0;0;11;210
F108;ocr;38;0;64780;KM_554e ;KONICA MINOLTA bizhub 554e ;no;none;2;no;yes;595 x 841 pts;1.4;0;1;1;1;0;0
F109;txt;2;7;462455;none;iText 5.0.4 (c) 1T3XT BVBA;no;none;0;no;no;none;none;0;0;0;0;0;0
F110;txt;0;5;922119;Microsoft® Word 2016 ;Microsoft® Word 2016;no;none;0;no;no;none;none;0;0;0;0;0;0
F111;ocr;2;0;51928;DocuScan - NewInformatics ;none;no;none;2;no;yes;592 x 842 pts;1.4;0;1;1;1;0;0
F112;txt;1;7;411867;Microsoft® Word 2010 ;Microsoft® Word 2010 ;yes;none;7;no;yes;594.96 x 842.04 pts (A4);1.5;0;18;28;25;10;169
F113;ocr;1;0;284820;RICOH Aficio MP 301 ;RICOH Aficio MP 301 ;no;none;1;no;yes;595.44 x 842.04 pts (A4);1.4;0;1;0;0;0;0
F114;ocr;1;0;529784;none; ;no;none;1;no;yes;612 x 843 pts;1.5;0;1;0;0;0;0
F115;ocr;4;0;624598;Adobe Acrobat 11.0.8 ;GPL Ghostscript 8.71 ;no;none;4;no;yes;612 x 792 pts (letter);1.4;0;1;1;1;0;0
F116;ocr;5;4;247730;Nitro Pro 8 ;none;no;AcroForm;5;no;yes;595 x 842 pts (A4);1.7;90;51;2;29;18;153
F117;txt;3;8;126309;none;iText 5.0.4 (c) 1T3XT BVBA;no;none;0;no;no;none;none;0;0;0;0;0;0
F118;txt;0;2;139298;PDFCreator Version 1.7.0 ;GPL Ghostscript 9.07;no;none;0;no;no;none;none;0;0;0;0;0;0
F119;ocr;4;8;101452;PDFsharp 1.2.1269-g (www.pdfsharp.com) ;PDFsharp 1.2.1269-g (www.pdfsharp.com) ;no;none;4;no;yes;595 x 842 pts (A4);1.4;0;24;1;1;8;157
F120;txt;1;2;24897;none;itext-paulo (lowagie.com) - build 130 ;no;none;2;no;yes;595 x 842 pts (A4);1.4;0;30;13;13;19;295
F121;txt;1;2;24811;none;itext-paulo (lowagie.com) - build 130 ;no;none;2;no;yes;595 x 842 pts (A4);1.4;0;30;11;11;19;295
F122;txt;14;11;731206;PDFsharp 1.32.2608-g (www.pdfsharp.net) ;PDFsharp 1.32.2608-g (www.pdfsharp.net) ;no;none;14;no;no;595 x 842 pts (A4);1.4;0;40;39;10;2;106
F123;ocr;7;0;175721;Gestion Juridica;http://www.adultpdf.com ;no;none;7;no;yes;594 x 792 pts;1.4;0;1;1;1;0;0
F124;ocr;3;0;71646;PScript5.dll Version 5.2.2 ;Acrobat Distiller 11.0 (Windows) ;no;none;3;no;yes;595 x 842 pts (A4);1.5;0;1;1;1;0;0
F125;txt;0;2;85143;PScript5.dll Version 5.2.2 ;AFPL Ghostscript 8.50 ;no;none;2;no;yes;595 x 842 pts (A4);1.3;0;45;49;49;9;239
F126;ocr;6;0;179274;PScript5.dll Version 5.2.2 ;Acrobat Distiller 8.0.0 (Windows) ;no;none;6;no;yes;595 x 842 pts (A4);1.4;0;1;1;1;0;0
F127;ocr;6;0;187707;PScript5.dll Version 5.2.2 ;Acrobat Distiller 8.0.0 (Windows) ;no;none;6;no;yes;595 x 842 pts (A4);1.4;0;1;1;1;0;0
F128;txt;4;11;242865;Microsoft® Word 2010 ;PDFsharp 1.32.2608-g (www.pdfsharp.net) (Original: þÿ ;no;none;4;no;yes;595 x 842 pts (A4);1.5;0;37;48;55;1;136
F129;ocr;4;0;81562;DocuScan - NewInformatics ;none;no;none;4;no;yes;592 x 842 pts;1.4;0;1;1;1;0;0
F130;txt;0;3;9315;PScript5.dll Version 5.2.2 ;AFPL Ghostscript 8.50 ;no;none;1;no;yes;595 x 842 pts (A4);1.3;0;34;0;0;10;182
F131;txt;3;10;133115;Microsoft® Word 2010 ;PDFsharp 1.32.2608-g (www.pdfsharp.net) (Original: þÿ M i c r o s o f t ®   W o r d   2 0 1 0) ;no;none;3;no;no;595 x 842 pts (A4);1.5;0;24;43;24;2;62
F132;ocr;79;10;14713023;Microsoft® Word 2010 ;Microsoft® Word 2010 ;yes;none;80;no;yes;595.32 x 842.04 pts (A4);1.5;0;41;1;2;9;204
F133;ocr;2;0;98310;PScript5.dll Version 5.2.2 ;Acrobat Distiller 8.0.0 (Windows) ;no;none;2;no;yes;595 x 842 pts (A4);1.4;0;1;1;1;0;0
F134;txt;3;2;138210;none;EVO HTML to PDF Converter 5.6 ;no;none;1;no;yes;612 x 842 pts;1.5;0;35;0;0;15;35
F135;txt;5;12;98513;PDFsharp 1.2.1269-g (www.pdfsharp.com) ;PDFsharp 1.2.1269-g (www.pdfsharp.com) ;no;none;6;no;yes;595 x 842 pts (A4);1.4;0;43;18;54;14;252
F136;ocr;9;0;247734;Canon iR2530 ;Canon iR2530 ;no;none;9;no;yes;599.04 x 840.96 pts;1.3;0;1;1;1;0;0
F137;ocr;2;6;162851;PFU ScanSnap Manager 5.1.30 #S1500 ;Adobe PDF Scan Library 3.2 ;no;none;2;no;yes;588.96 x 838.8 pts;1.3;0;127;1;1;28;461
F138;ocr;2;6;162851;PFU ScanSnap Manager 5.1.30 #S1500 ;Adobe PDF Scan Library 3.2 ;no;none;2;no;yes;588.96 x 838.8 pts;1.3;0;127;1;1;28;461
F139;ocr;2;6;162851;PFU ScanSnap Manager 5.1.30 #S1500 ;Adobe PDF Scan Library 3.2 ;no;none;2;no;yes;588.96 x 838.8 pts;1.3;0;127;1;1;28;461
F140;txt;4;5;301599;Aspose.Words ;Aspose.Pdf.Kit for .NET 5.4.0.0 ;no;none;5;no;yes;595.35 x 841.95 pts (A4);1.6;0;47;1;1;21;267
F141;txt;26;2;30387;none;null ;no;none;5;yes (print:yes copy:no change:no addNotes:no algorithm:RC4);no;595 x 842 pts (A4);1.3;0;16;35;21;6;71
F142;txt;26;2;32312;none;null ;no;none;5;yes (print:yes copy:no change:no addNotes:no algorithm:RC4);no;595 x 842 pts (A4);1.3;0;16;52;23;5;74
F143;txt;21;2;29488;none;null ;no;none;4;yes (print:yes copy:no change:no addNotes:no algorithm:RC4);no;595 x 842 pts (A4);1.3;0;16;53;30;5;74
F144;txt;11;2;25110;none;null ;no;none;2;yes (print:yes copy:no change:no addNotes:no algorithm:RC4);no;595 x 842 pts (A4);1.3;0;17;29;29;6;66
F145;txt;1;4;38361;Microsoft® Office Word 2007 ;Microsoft® Office Word 2007 ;yes;none;2;no;yes;595.32 x 842.04 pts (A4);1.5;0;26;1;1;8;175
F146;txt;3;5;280990;none;iText 5.0.4 (c) 1T3XT BVBA;no;none;0;no;no;none;none;0;0;0;0;0;0
F147;txt;24;17;440675;PDFCreator Version 1.7.1 ;GPL Ghostscript 9.07 ;no;none;22;no;no;595 x 842 pts (A4);1.4;0;20;20;52;0;19
F148;txt;1;12;248929;PDFCreator Version 1.7.1 ;GPL Ghostscript 9.07 ;no;none;3;no;no;595 x 842 pts (A4);1.4;0;30;56;45;0;129
F149;txt;3;17;274180;PDFsharp 1.2.1269-g (www.pdfsharp.com) ;PDFsharp 1.2.1269-g (www.pdfsharp.com) ;no;none;4;no;yes;595.28 x 841.89 pts (A4);1.4;0;34;51;47;7;205
F150;txt;4;31;1076917;PDFsharp 1.2.1269-g (www.pdfsharp.com) ;PDFsharp 1.2.1269-g (www.pdfsharp.com) ;no;none;4;no;no;595.28 x 841.89 pts (A4);1.4;0;34;39;45;6;209
F151;txt;4;31;1076706;PDFsharp 1.2.1269-g (www.pdfsharp.com) ;PDFsharp 1.2.1269-g (www.pdfsharp.com) ;no;none;4;no;no;595.28 x 841.89 pts (A4);1.4;0;34;39;45;6;206
F152;txt;2;6;93902; ;iTextSharp 5.0.6 (c) 1T3XT BVBA ;no;none;3;no;yes;595 x 842 pts (A4);1.4;0;27;55;23;1;81
F153;ocr;1;0;42083;none;none;no;none;1;no;yes;596 x 841 pts;1.4;0;1;0;0;0;0
F154;txt;1;2;14595;PDFCreator Version 1.7.2 ;GPL Ghostscript 9.10 ;no;none;1;no;yes;595 x 842 pts (A4);1.4;0;41;0;0;20;318
F155;ocr;3;4;238078;RICOH Aficio MP 9002 ;PDFsharp 1.32.2608-g (www.pdfsharp.net) (Original: RICOH Aficio MP 9002) ;no;none;3;no;yes;595 x 842 pts (A4);1.4;0;29;10;10;2;76
F156;ocr;3;0;58500;PScript5.dll Version 5.2.2 ;Acrobat Distiller 9.0.0 (Windows) ;no;none;3;no;yes;595 x 842 pts (A4);1.5;0;1;1;1;0;0
F157;ocr;1;0;28796;none;none;no;none;1;no;yes;593.28 x 832.32 pts;1.3;0;1;0;0;0;0
F158;txt;2;11;169328;PDFsharp 1.2.1269-g (www.pdfsharp.com) ;PDFsharp 1.2.1269-g (www.pdfsharp.com) ;no;none;4;no;yes;595 x 842 pts (A4);1.4;0;40;15;17;24;346
F159;txt;8;14;240271;Nitro Pro 8 ;none;no;AcroForm;4;no;yes;595 x 842 pts (A4);1.7;90;43;47;35;15;132
F160;ocr;1;4;62743;PFU ScanSnap Manager 5.1.30 #S1500 ;PDFsharp 1.32.2608-g (www.pdfsharp.net) (Original: Adobe PDF Scan Library 3.2) ;no;none;2;no;yes;595 x 842 pts (A4);1.4;0;25;11;11;2;82
F161;ocr;3;3;125171;none;iText 5.0.4 (c) 1T3XT BVBA;no;none;0;no;no;none;none;0;0;0;0;0;0
F162;txt;0;4;8926;PScript5.dll Version 5.2.2 ;AFPL Ghostscript 8.50 ;no;none;1;no;yes;595 x 842 pts (A4);1.3;0;27;0;0;7;146
F163;ocr;2;0;55944;Xerox WorkCentre 5330 ;Xerox WorkCentre 5330 ;no;none;2;no;yes;595.44 x 842.4 pts (A4);1.3;0;1;1;1;0;0
F164;txt;0;5;10980;PScript5.dll Version 5.2.2 ;AFPL Ghostscript 8.50 ;no;none;1;no;yes;595 x 842 pts (A4);1.3;0;29;0;0;10;184
F165;ocr;12;0;712210;Nitro Pro ;none;no;none;12;no;yes;595.2 x 841.68 pts;1.7;0;1;1;1;0;0
F166;ocr;4;0;478267;none;none;no;none;4;no;yes;595.2 x 841.92 pts (A4);1.4;0;1;1;1;0;0
F167;ocr;2;0;157922;none;none;no;none;2;no;yes;595.2 x 841.92 pts (A4);1.4;0;1;1;1;0;0
F168;ocr;3;0;206321;PDFCreator Version 1.7.1 ;GPL Ghostscript 9.07 ;no;none;1;no;no;595 x 842 pts (A4);1.4;0;1;0;0;0;0
F169;ocr;1;3;37442;PDFsharp 1.2.1269-g (www.pdfsharp.com) ;PDFsharp 1.2.1269-g (www.pdfsharp.com) ;no;none;2;no;yes;595 x 842 pts (A4);1.4;0;34;1;1;15;265
F170;ocr;2;0;93588;Gestion Juridica;http://www.adultpdf.com ;no;none;2;no;yes;594 x 792 pts;1.4;0;1;1;1;0;0
F171;ocr;2;0;93588;Gestion Juridica;http://www.adultpdf.com ;no;none;2;no;yes;594 x 792 pts;1.4;0;1;1;1;0;0
F172;ocr;10;0;3059180;Sistemas Juridicos ;Gateway Software Productions, PDF_OCX v1.5 ;no;none;10;no;yes;595.2 x 841.44 pts;1.4;0;1;1;1;0;0
F173;txt;4;5;112730;PDFsharp 1.2.1269-g (www.pdfsharp.com) ;PDFsharp 1.2.1269-g (www.pdfsharp.com) ;no;none;2;no;no;595 x 842 pts (A4);1.4;0;29;50;50;7;178
F174;ocr;2;0;172244;DocuScan - NewInformatics ;none;no;none;2;no;yes;592 x 842 pts;1.4;0;1;1;1;0;0
F175;ocr;2;0;61098;DocuScan - NewInformatics ;none;no;none;2;no;yes;592 x 842 pts;1.4;0;1;1;1;0;0
F176;ocr;4;0;128232;DocuScan - NewInformatics ;none;no;none;4;no;yes;592 x 842 pts;1.4;0;1;1;1;0;0
F177;ocr;2;0;85594;OKI ES7470 MFP ;SECnvtToPDF V1.0 ;no;none;2;no;yes;595 x 842 pts (A4);1.7;0;1;1;1;0;0
F178;ocr;1;0;354157;KM_284e ;KONICA MINOLTA bizhub 284e ;no;none;1;no;yes;595 x 841 pts;1.4;0;1;0;0;0;0
F179;txt;2;8;50688;PDFsharp 1.2.1269-g (www.pdfsharp.com) ;PDFsharp 1.2.1269-g (www.pdfsharp.com) ;no;none;2;no;yes;595 x 842 pts (A4);1.4;0;38;42;42;11;228
F180;txt;1;3;100127;Mozilla/5.0 (Windows NT 6.3;none;no;none;0;no;no;none;none;0;0;0;0;0;0
F181;ocr;2;0;513299;Application ;EZTwain Pro 3.20b22 using EZPdf 1.31 ;no;none;2;no;yes;595.2 x 841.92 pts (A4);1.3;0;1;1;1;0;0
F182;ocr;7;0;199537;TOSHIBA e-STUDIO256 ;SECnvtToPDF V1.0 ;no;none;7;no;yes;595 x 842 pts (A4);1.7;0;1;1;1;0;0
F183;ocr;2;0;91943;none;none;no;none;2;no;yes;841.68 x 595.08 pts;1.4;270;1;1;1;0;0
F184;ocr;1;0;297492; ; ;no;none;1;no;yes;596 x 842 pts (A4);1.3;0;1;0;0;0;0
F185;ocr;3;0;108330;LTEscaner.Exe ;EZTwain Pro 3.30b28 using EZPdf 1.52 ;no;none;3;no;yes;594.36 x 839.16 pts;1.4;0;1;1;1;0;0
F186;ocr;1;0;32804;Gestión de Despachos ;EZTwainX 3.30b1 using EZPdf 1.42 ;no;none;1;no;yes;595.2 x 824.64 pts;1.3;0;1;0;0;0;0
F187;txt;8;14;258516;none;none;no;none;0;no;no;none;none;0;0;0;0;0;0
F188;txt;2;9;217419;Microsoft® Word 2013 ;PDFsharp 1.32.2608-g (www.pdfsharp.net) (Original: þÿ M i c r o s o f t ®   W o r d   2 0 1 3) ;no;none;2;no;no;595.32 x 841.92 pts (A4);1.5;0;44;67;67;22;295
F189;txt;8;14;279903;none;none;no;none;0;no;no;none;none;0;0;0;0;0;0
F190;txt;1;4;76230;none;EVO HTML to PDF Converter 5.6 ;no;AcroForm;1;no;yes;612 x 842 pts;1.5;0;49;0;0;10;46
F191;ocr;28;0;93389;KM_554e ;KONICA MINOLTA bizhub 554e ;no;none;3;no;yes;595 x 841 pts;1.4;0;1;1;1;0;0
F192;txt;2;7;459013;none;iText 5.0.4 (c) 1T3XT BVBA;no;none;0;no;no;none;none;0;0;0;0;0;0
F193;txt;3;5;125032;PDFsharp 1.2.1269-g (www.pdfsharp.com) ;PDFsharp 1.2.1269-g (www.pdfsharp.com) ;no;none;2;no;no;595 x 842 pts (A4);1.4;0;60;52;52;18;324
F194;txt;2;7;459013;none;iText 5.0.4 (c) 1T3XT BVBA;no;none;0;no;no;none;none;0;0;0;0;0;0
F195;txt;3;14;328305;PDFsharp 1.2.1269-g (www.pdfsharp.com) ;PDFsharp 1.2.1269-g (www.pdfsharp.com) ;no;none;4;no;no;595 x 842 pts (A4);1.4;90;34;34;21;8;107
F196;txt;6;5;338291;PDFsharp 1.2.1269-g (www.pdfsharp.com) ;PDFsharp 1.2.1269-g (www.pdfsharp.com) ;no;none;7;no;yes;595 x 842 pts (A4);1.4;0;50;42;51;22;289
F197;txt;2;7;159215;none;iText 5.0.4 (c) 1T3XT BVBA;no;none;0;no;no;none;none;0;0;0;0;0;0
F198;ocr;30;0;728555;Canon iR-ADV C5235  PDF ;Adobe PSL 1.2e for Canon ;no;none;11;no;yes;595.2 x 841.44 pts;1.4;0;1;1;1;0;0
F199;ocr;30;0;728554;Canon iR-ADV C5235  PDF ;Adobe PSL 1.2e for Canon ;no;none;11;no;yes;595.2 x 841.44 pts;1.4;0;1;1;1;0;0
F200;ocr;3;4;343650;PFU ScanSnap Manager 6.2.24 #iX500 ;PDFsharp 1.32.2608-g (www.pdfsharp.net) (Original: Adobe PDF Scan Library 3.2) ;no;none;2;no;yes;595 x 842 pts (A4);1.4;0;29;11;11;1;91
F201;txt;2;8;79223;PDFsharp 1.2.1269-g (www.pdfsharp.com) ;PDFsharp 1.2.1269-g (www.pdfsharp.com) ;no;none;2;no;no;595 x 842 pts (A4);1.4;0;36;63;63;9;268
F202;ocr;1;0;44100;none;iText 1.4.5 (by lowagie.com) ;no;none;1;no;yes;595 x 842 pts (A4);1.4;0;1;0;0;0;0
F203;txt;0;2;58508;Aspose.Words ;Aspose.Words for .NET 10.0.0.0 ;no;none;2;no;yes;595.15 x 841.75 pts (A4);1.5;0;46;18;18;25;324
F204;ocr;643;0;1869727;PDFCreator Version 1.7.1 ;GPL Ghostscript 9.07 ;no;none;37;no;no;595 x 842 pts (A4);1.4;0;1;1;1;0;0
F205;txt;2;2;68280;PDFCreator Version 1.7.1 ;GPL Ghostscript 9.07 ;no;none;1;no;no;595 x 842 pts (A4);1.4;0;40;0;0;13;238
F206;txt;3;7;465084;none;iText 5.0.4 (c) 1T3XT BVBA;no;none;0;no;no;none;none;0;0;0;0;0;0
F207;ocr;4;3;107094;none;iText 5.0.4 (c) 1T3XT BVBA;no;none;0;no;no;none;none;0;0;0;0;0;0
F208;ocr;2;0;289240;LTEscaner.Exe ;EZTwain Pro 3.30b28 using EZPdf 1.52 ;no;none;2;no;yes;592.8 x 841.92 pts;1.4;0;1;1;1;0;0
F209;ocr;2;0;363556;LTEscaner.Exe ;EZTwain Pro 3.30b28 using EZPdf 1.52 ;no;none;2;no;yes;595.2 x 843.36 pts (A4);1.4;0;1;1;1;0;0
F210;ocr;5;0;84308;WorkCentre 7125 ;WorkCentre 7125 ;no;none;5;no;yes;595.44 x 842.4 pts (A4);1.4;0;1;1;1;0;0
F211;txt;0;3;9222;PScript5.dll Version 5.2.2 ;AFPL Ghostscript 8.50 ;no;none;1;no;yes;595 x 842 pts (A4);1.3;0;32;0;0;8;197
F212;ocr;3;3;123229;none;iText 5.0.4 (c) 1T3XT BVBA;no;none;0;no;no;none;none;0;0;0;0;0;0
F213;ocr;4;0;254507;Canon iR-ADV 6055                ;Adobe PSL 1.1e for Canon ;no;none;4;no;yes;594.36 x 840.78 pts;1.4;0;1;1;1;0;0
F214;txt;0;7;28066;Microsoft® Office Word 2007 ;Microsoft® Office Word 2007 ;yes;none;1;no;yes;595.32 x 842.04 pts (A4);1.5;0;33;0;0;10;214
F215;ocr;2;0;69221;Gestion Juridica;http://www.adultpdf.com ;no;none;2;no;yes;594 x 792 pts;1.4;0;1;1;1;0;0
F216;ocr;5;0;1124812;LTEscaner.Exe ;EZTwain Pro 3.30b28 using EZPdf 1.52 ;no;none;5;no;yes;600 x 840.96 pts;1.6;0;1;1;1;0;0
F217;ocr;4;0;199319;LTEscaner.Exe ;EZTwain Pro 3.30b28 using EZPdf 1.52 ;no;none;4;no;yes;581.76 x 835.68 pts;1.4;0;1;1;1;0;0
F218;ocr;20;0;5628007;LTEscaner.Exe ;EZTwain Pro 3.30b28 using EZPdf 1.52 ;no;none;20;no;yes;588.96 x 839.4 pts;1.4;0;1;1;1;0;0
F219;ocr;1;0;289277;LTEscaner.Exe ;EZTwain Pro 3.30b28 using EZPdf 1.52 ;no;none;1;no;yes;600.48 x 841.92 pts;1.4;0;1;0;0;0;0
F220;ocr;1;0;73997;Sistemas Juridicos ;Gateway Software Productions, PDF_OCX v1.5 ;no;none;1;no;yes;595.2 x 841.68 pts;1.4;0;1;0;0;0;0
F221;txt;1;3;99645;none;EVO HTML to PDF Converter 5.6 ;no;AcroForm;1;no;yes;612 x 842 pts;1.5;0;39;0;0;9;36
F222;ocr;2;0;69191;PDFlib ;PDFlib 3.03 (CSS) ;no;none;2;no;yes;595.2 x 840.96 pts;1.3;0;1;1;1;0;0
F223;txt;1;2;72382;none;EVO HTML to PDF Converter 5.6 ;no;none;1;no;yes;612 x 842 pts;1.5;0;40;0;0;8;34
F224;ocr;2;0;320385;none; ;no;none;2;no;yes;612 x 846 pts;1.3;0;1;1;1;0;0
F225;ocr;2;0;54366;Gestion Juridica;http://www.adultpdf.com ;no;none;2;no;yes;594 x 792 pts;1.4;0;1;1;1;0;0
F226;txt;4;7;199352;none;none;no;none;0;no;no;none;none;0;0;0;0;0;0
F227;txt;4;13;344003;Aspose.Words ;Aspose.Pdf.Kit for .NET 5.4.0.0 ;no;AcroForm;4;no;no;595.35 x 841.95 pts (A4);1.6;0;80;26;30;3;456
F228;txt;4;20;397960;Aspose.Words ;Aspose.Pdf.Kit for .NET 5.4.0.0 ;no;AcroForm;10;no;no;595.3 x 841.9 pts (A4);1.6;0;37;4;9;13;180
F229;txt;2;5;78198;none;iText 5.0.4 (c) 1T3XT BVBA;no;none;0;no;no;none;none;0;0;0;0;0;0
F230;txt;0;3;81115;PDFCreator Version 1.2.1 ;GPL Ghostscript 9.02 ;no;AcroForm;1;no;no;595 x 842 pts (A4);1.6;0;31;0;0;17;275
F231;ocr;1;0;48003; ; ;no;none;1;no;yes;595 x 841 pts;1.4;0;1;0;0;0;0
F232;ocr;4;0;50064; ; ;no;none;4;no;yes;595 x 841 pts;1.4;0;1;1;1;0;0
F233;ocr;5;11;82184;none;iText 2.0.8 (by lowagie.com) ;no;none;31;no;yes;595 x 842 pts (A4);1.4;0;18;28;65;6;51
F234;ocr;3;0;142949;Canon iR2530 ;Canon iR2530 ;no;none;3;no;yes;599.04 x 840.96 pts;1.3;0;1;1;1;0;0
F235;ocr;1;0;55110;Canon iR2530 ;Canon iR2530 ;no;none;1;no;yes;599.04 x 840.96 pts;1.3;0;1;0;0;0;0
F236;txt;1390;20;374061;PDFsharp 1.2.1269-g (www.pdfsharp.com) ;PDFsharp 1.2.1269-g (www.pdfsharp.com) ;no;none;3;no;yes;595 x 842 pts (A4);1.4;0;44;54;16;19;293
F237;txt;2;10;301484;none;iText 5.0.4 (c) 1T3XT BVBA;no;none;0;no;no;none;none;0;0;0;0;0;0
F238;ocr;1;0;160945;LTEscaner.Exe ;EZTwain Pro 3.30b28 using EZPdf 1.52 ;no;none;1;no;yes;595.2 x 841.92 pts (A4);1.4;0;1;0;0;0;0
F239;ocr;120;0;140233;KM_554e ;KONICA MINOLTA bizhub 554e ;no;none;5;no;yes;595 x 841 pts;1.4;0;1;1;1;0;0
F240;txt;5;8;311738;none;iText 5.0.4 (c) 1T3XT BVBA;no;none;0;no;no;none;none;0;0;0;0;0;0
F241;txt;1;1;33886;Xerox WorkCentre 5330 ;Xerox WorkCentre 5330 ;no;none;1;no;yes;595.44 x 842.4 pts (A4);1.3;0;25;0;0;14;156
F242;txt;0;6;109599;Microsoft® Office Word 2007 ;Microsoft® Office Word 2007 ;yes;none;1;no;yes;595.32 x 842.04 pts (A4);1.5;0;36;0;0;9;264
F243;txt;3;1;96059;Xerox WorkCentre 5330 ;Xerox WorkCentre 5330 ;no;none;3;no;yes;595.44 x 842.4 pts (A4);1.3;0;27;37;23;18;260
F244;txt;0;3;114111;Microsoft® Office Word 2007 ;Microsoft® Office Word 2007 ;yes;none;2;no;yes;595.32 x 842.04 pts (A4);1.5;0;38;3;3;9;268
F245;ocr;10;0;1010185;PDFCreator Version 1.7.3 ;GPL Ghostscript 9.10 ;no;none;2;no;no;595 x 842 pts (A4);1.4;0;1;1;1;0;0
F246;txt;2897;6;210876;PScript5.dll Version 5.2.2 ;GPL Ghostscript 8.15 ;no;none;4;no;yes;595 x 842 pts (A4);1.4;0;25;24;99;16;227
F247;txt;2631;6;185239;PScript5.dll Version 5.2.2 ;GPL Ghostscript 8.15 ;no;none;4;no;yes;595 x 842 pts (A4);1.4;0;26;30;15;15;239
F248;txt;7893;5;431116;PScript5.dll Version 5.2.2 ;GPL Ghostscript 8.15 ;no;none;6;no;yes;595 x 842 pts (A4);1.4;0;23;85;85;12;189
F249;txt;2631;6;183657;PScript5.dll Version 5.2.2 ;GPL Ghostscript 8.15 ;no;none;4;no;yes;595 x 842 pts (A4);1.4;0;27;35;8;17;248
F250;ocr;2;0;95367;PDFlib ;PDFlib 3.03 (CSS) ;no;none;2;no;yes;595.2 x 840.96 pts;1.3;0;1;1;1;0;0
F251;txt;3;6;404772;none;iText 5.0.4 (c) 1T3XT BVBA;no;none;0;no;no;none;none;0;0;0;0;0;0
F252;ocr;2;0;38357;Gestion Juridica;http://www.adultpdf.com ;no;none;2;no;yes;594 x 792 pts;1.4;0;1;1;1;0;0
F253;ocr;2;0;69554;Gestion Juridica;http://www.adultpdf.com ;no;none;2;no;yes;594 x 792 pts;1.4;0;1;1;1;0;0
F254;txt;2;3;78226;none;EVO HTML to PDF Converter 5.6 ;no;AcroForm;2;no;yes;612 x 842 pts;1.5;0;59;14;14;21;61
F255;ocr;45;0;136665;KMBT_654 ;KONICA MINOLTA bizhub 654 ;no;none;3;no;yes;595 x 841 pts;1.6;0;1;1;1;0;0
F256;txt;0;2;64834;none;tx_pdf 21.0.151.500 ;no;none;1;no;yes;595.15 x 841.65 pts;1.4;0;42;0;0;18;247
F257;txt;0;2;60670;none;tx_pdf 21.0.151.500 ;no;none;1;no;no;595.15 x 841.65 pts;1.4;0;42;0;0;18;247
F258;txt;76;3;172315;PDFsharp 1.2.1269-g (www.pdfsharp.com) ;PDFsharp 1.2.1269-g (www.pdfsharp.com) ;no;none;6;no;yes;595 x 842 pts (A4);1.4;0;44;1;1;15;315
F259;ocr;4;4;180780;ScandAll PRO (SSmode) V1.0.2 ;PDFsharp 1.32.2608-g (www.pdfsharp.net) (Original: Adobe PDF Scan Library 3.1) ;no;none;3;no;yes;595 x 842 pts (A4);1.4;0;39;11;11;3;194
F260;ocr;1;0;30485;DocuScan - NewInformatics ;none;no;none;1;no;yes;592 x 842 pts;1.4;0;1;0;0;0;0
F261;txt;1;2;14905;PDFCreator Version 0.9.6 ;GPL Ghostscript 8.63 ;no;none;1;no;yes;595 x 842 pts (A4);1.4;0;36;0;0;20;300
F262;txt;9;8;75771;PDFCreator Version 0.9.6 ;GPL Ghostscript 8.63 ;no;none;15;no;yes;595 x 842 pts (A4);1.4;0;14;14;19;7;103
F263;ocr;2;0;629735;Canon iR2530 ;Canon iR2530 ;no;none;2;no;yes;593.28 x 846.72 pts;1.3;0;1;1;1;0;0
F264;txt;4;9;138040;none;iTextSharp 4.0.4 (based on iText 2.0.4) ;no;AcroForm;2;no;yes;595.28 x 841.89 pts (A4);1.4;0;62;28;28;25;353
F265;ocr;13;0;105340;KM_554e ;KONICA MINOLTA bizhub 554e ;no;none;4;no;yes;595 x 841 pts;1.4;0;1;1;1;0;0
F266;ocr;6;0;53808;KM_554e ;KONICA MINOLTA bizhub 554e ;no;none;1;no;yes;595 x 841 pts;1.4;0;1;0;0;0;0
F267;ocr;1;0;98737;Sistemas Juridicos ;Gateway Software Productions, PDF_OCX v1.5 ;no;none;1;no;yes;594.96 x 841.92 pts (A4);1.4;0;1;0;0;0;0
F268;ocr;3;0;85954;PScript5.dll Version 5.2.2 ;Acrobat Distiller 9.0.0 (Windows) ;no;none;3;no;yes;595 x 842 pts (A4);1.5;0;1;1;1;0;0
F269;ocr;2;0;68462;PScript5.dll Version 5.2.2 ;Acrobat Distiller 9.0.0 (Windows) ;no;none;2;no;yes;595 x 842 pts (A4);1.5;0;1;1;1;0;0
F270;ocr;19;0;62282;KM_554e ;KONICA MINOLTA bizhub 554e ;no;none;2;no;yes;595 x 841 pts;1.4;0;1;1;1;0;0
F271;txt;2;6;75897; ;iTextSharp 5.0.6 (c) 1T3XT BVBA ;no;none;3;no;yes;595 x 842 pts (A4);1.4;0;26;54;5;1;77
F272;ocr;11;4;208926; ;iTextSharp 5.0.6 (c) 1T3XT BVBA ;no;none;12;no;yes;595 x 842 pts (A4);1.4;0;28;1;1;1;87
F273;txt;1;6;89780; ;iTextSharp 5.0.6 (c) 1T3XT BVBA ;no;none;2;no;yes;595 x 842 pts (A4);1.4;0;26;50;50;1;81
F274;txt;1;6;89649; ;iTextSharp 5.0.6 (c) 1T3XT BVBA ;no;none;2;no;yes;595 x 842 pts (A4);1.4;0;26;47;47;1;81
F275;ocr;2;0;72659;DocuScan - NewInformatics ;none;no;none;2;no;yes;592 x 842 pts;1.4;0;1;1;1;0;0
F276;txt;3;3;110596;PDFCreator Version 1.7.2 ;GPL Ghostscript 9.10 ;no;none;1;no;yes;595 x 842 pts (A4);1.4;0;23;0;0;10;167
F277;ocr;1;0;38247;Sistemas Juridicos ;Gateway Software Productions, PDF_OCX v1.5 ;no;none;1;no;yes;594.96 x 841.68 pts;1.4;0;1;0;0;0;0
F278;txt;0;2;202007;Microsoft® Excel® 2010 ;Microsoft® Excel® 2010 ;yes;none;2;no;yes;841.68 x 595.2 pts;1.5;0;205;255;255;1;251
F279;txt;3;3;110601;PDFCreator Version 1.7.2 ;GPL Ghostscript 9.10 ;no;none;1;no;yes;595 x 842 pts (A4);1.4;0;23;0;0;10;167
F280;ocr;14;0;393449;none;none;no;none;14;no;yes;595 x 842 pts (A4);1.4;0;1;1;1;0;0
F281;ocr;2;0;54162;none;none;no;none;2;no;yes;595 x 842 pts (A4);1.4;0;1;1;1;0;0
F282;ocr;1;0;220852;PFU ScanSnap Manager 5.1.30 #S1500 ;Adobe PDF Scan Library 3.2 ;no;none;1;no;yes;592.56 x 843.12 pts;1.3;0;1;0;0;0;0
F283;ocr;2;8;305428;Microsoft® Word 2010 ;Microsoft® Word 2010 ;yes;none;3;no;yes;595.32 x 841.92 pts (A4);1.5;0;35;1;1;5;109
F284;txt;2;2;36810;PScript5.dll Version 5.2.2 ;AFPL Ghostscript 8.50 ;no;none;1;no;yes;595 x 842 pts (A4);1.3;0;36;0;0;8;187
F285;ocr;2;0;319637;Sistemas Juridicos ;Gateway Software Productions, PDF_OCX v1.5 ;no;none;2;no;yes;595.08 x 841.68 pts;1.4;0;1;1;1;0;0
F286;ocr;8;0;64846;Xerox WorkCentre 5735 ;Xerox WorkCentre 5735 ;no;none;3;no;yes;839 x 593 pts;1.4;270;1;1;1;0;0
F287;txt;6;5;110792;none;iText® 5.1.3 ©2000-2011 1T3XT BVBA ;no;none;2;no;yes;595 x 842 pts (A4);1.4;0;56;52;52;31;490
F288;txt;607;12;8729849;Nitro Pro 8 ;none;no;AcroForm;168;no;yes;595 x 842 pts (A4);1.7;90;12;65;1;2;29
F289;txt;6;5;110790;none;iText® 5.1.3 ©2000-2011 1T3XT BVBA ;no;none;2;no;yes;595 x 842 pts (A4);1.4;0;56;52;52;31;490
F290;ocr;534;0;4130084;Xerox WorkCentre 5735 ;Xerox WorkCentre 5735 ;no;none;151;no;yes;839 x 593 pts;1.4;270;1;1;1;0;0
F291;ocr;54;0;424853;Xerox WorkCentre 5735 ;Xerox WorkCentre 5735 ;no;none;7;no;yes;839 x 593 pts;1.4;270;1;1;1;0;0
F292;ocr;2;0;102829;none;Mac OS X 10.11.3 Quartz PDFContext;no;none;0;no;no;none;none;0;0;0;0;0;0
F293;txt;2;3;182035;PDFsharp 1.2.1269-g (www.pdfsharp.com) ;PDFsharp 1.2.1269-g (www.pdfsharp.com) ;no;none;2;no;yes;595.3 x 841.9 pts (A4);1.4;0;39;20;20;16;234
F294;txt;12;6;3670136;PDFsharp 1.2.1269-g (www.pdfsharp.com) ;PDFsharp 1.2.1269-g (www.pdfsharp.com) ;no;none;17;no;yes;595.3 x 841.9 pts (A4);1.4;0;43;36;1;20;262
F295;txt;36;54;447043;PDFsharp 1.2.1269-g (www.pdfsharp.com) ;PDFsharp 1.2.1269-g (www.pdfsharp.com) ;no;none;13;no;yes;595.22 x 842 pts (A4);1.4;0;20;38;2;8;144
F296;txt;0;4;175868;Microsoft® Word 2013 ;?????????????????? ???  ???? ;yes;AcroForm;6;no;no;595.32 x 841.92 pts (A4);1.5;0;35;27;12;21;295
F297;txt;4;5;1094927;PScript5.dll Version 5.2.2 ;GPL Ghostscript 9.06;no;none;0;no;no;none;none;0;0;0;0;0;0
F298;txt;0;3;40167;Microsoft® Word 2013 ;?????????????????? ???  ???? ;yes;AcroForm;2;no;no;595.32 x 841.92 pts (A4);1.5;0;26;5;5;18;281
F299;txt;16;58;2779140;PDFsharp 1.2.1269-g (www.pdfsharp.com) ;PDFsharp 1.2.1269-g (www.pdfsharp.com) ;no;none;24;no;yes;595.3 x 841.9 pts (A4);1.4;0;43;32;1;22;284
F300;txt;46;2;318721;PDFsharp 1.2.1269-g (www.pdfsharp.com) ;PDFsharp 1.2.1269-g (www.pdfsharp.com) ;no;none;3;no;yes;595.3 x 841.9 pts (A4);1.4;0;36;1;1;14;202
F301;ocr;10;0;779350;PFU ScanSnap Manager 5.0.11 ;Adobe PDF Scan Library 3.1 ;no;none;10;no;yes;593.64 x 843.48 pts;1.3;0;1;1;1;0;0
F302;ocr;84;0;118495;KM_C224e ;KONICA MINOLTA bizhub C224e ;no;none;4;no;yes;595 x 841 pts;1.5;0;1;1;1;0;0
F303;ocr;77;0;146078;KM_C224e ;KONICA MINOLTA bizhub C224e ;no;none;3;no;yes;595 x 841 pts;1.4;0;1;1;1;0;0
F304;ocr;30;4;487038;Canon        ;PDFsharp 1.32.2608-g (www.pdfsharp.net) ;no;none;30;no;yes;595 x 842 pts (A4);1.4;0;23;10;10;0;60
F305;ocr;1;0;52844;none;EZPdf library Copyright (C) 2003 Dosadi. ;no;none;1;no;yes;596 x 842 pts (A4);1.6;0;1;0;0;0;0
F306;txt;5;7;143384;none;iText 5.0.4 (c) 1T3XT BVBA;no;none;0;no;no;none;none;0;0;0;0;0;0
F307;ocr;45;0;147243;KMBT_363 ;KONICA MINOLTA bizhub 363 ;no;none;4;no;yes;841.68 x 595.08 pts;1.4;270;1;1;1;0;0
F308;txt;2;8;173140;none;iText 5.0.4 (c) 1T3XT BVBA;no;none;0;no;no;none;none;0;0;0;0;0;0
F309;ocr;8;0;148710;Gestion Juridica;http://www.adultpdf.com ;no;none;8;no;yes;594 x 792 pts;1.4;0;1;1;1;0;0
F310;ocr;4;0;123240;Gestion Juridica;http://www.adultpdf.com ;no;none;4;no;yes;594 x 792 pts;1.4;0;1;1;1;0;0
F311;ocr;10;0;194771;Gestion Juridica;http://www.adultpdf.com ;no;none;10;no;yes;594 x 792 pts;1.4;0;1;1;1;0;0
F312;ocr;2;0;57555;PScript5.dll Version 5.2 ;Acrobat Distiller 7.0 (Windows) ;no;none;2;no;yes;595 x 842 pts (A4);1.4;0;1;1;1;0;0
F313;ocr;2;0;152896;Canon iR-ADV 6055                ;Adobe PSL 1.1e for Canon ;no;none;2;no;yes;594.36 x 840.78 pts;1.4;0;1;1;1;0;0
F314;ocr;5;0;279733;Canon iR-ADV 6055                ;Adobe PSL 1.1e for Canon ;no;none;5;no;yes;594.36 x 840.78 pts;1.4;0;1;1;1;0;0
F315;txt;7;9;164773;Microsoft Reporting Services 10.0.0.0 ;PDFsharp 1.32.2608-g (www.pdfsharp.net) (Original: Microsoft Reporting Services PDF Rendering Extension 10.0.0.0) ;no;none;4;no;no;595.276 x 841.89 pts (A4);1.4;0;83;53;37;30;274
F316;ocr;1;0;398055;KM_224e ;KONICA MINOLTA bizhub 224e ;no;none;1;no;yes;595 x 841 pts;1.4;0;1;0;0;0;0
F317;txt;1;4;187140;JustiziaBAT (ZWord  12.49) ;tx_pdf 14.0.122.501 ;no;AcroForm;1;no;no;612 x 792 pts (letter);1.3;0;43;0;0;18;328
F318;ocr;3;3;156831;none;iText 5.0.4 (c) 1T3XT BVBA;no;none;0;no;no;none;none;0;0;0;0;0;0
F319;ocr;10;0;980366;Canon iR2530 ;Canon iR2530 ;no;none;10;no;yes;599.04 x 840.96 pts;1.3;0;1;1;1;0;0
F320;txt;3;12;212988;Microsoft® Word 2016 ;PDFsharp 1.32.2608-g (www.pdfsharp.net) (Original: þÿ ;no;none;4;no;yes;595 x 842 pts (A4);1.5;0;23;45;52;0;61
F321;ocr;2;1;538832;KM_C454e ;KONICA MINOLTA bizhub C454e;no;none;0;no;no;none;none;0;0;0;0;0;0
F322;txt;1;2;72286;none;EVO HTML to PDF Converter 5.6 ;no;none;1;no;yes;612 x 842 pts;1.5;0;46;0;0;9;41
F323;ocr;1;0;130677;LTEscaner.Exe ;EZTwain Pro 3.30b28 using EZPdf 1.52 ;no;none;1;no;yes;595.2 x 841.92 pts (A4);1.4;0;1;0;0;0;0
F324;ocr;2;0;93554;Sistemas Juridicos ;Gateway Software Productions, PDF_OCX v1.5 ;no;none;2;no;yes;595.08 x 841.68 pts;1.4;0;1;1;1;0;0
F325;txt;5;12;189933;none;none;no;none;0;no;no;none;none;0;0;0;0;0;0
F326;ocr;5;0;322486;RICOH MP 5054 ;RICOH MP 5054 ;no;none;5;no;yes;842.04 x 595.44 pts (A4);1.4;270;1;1;1;0;0
F327;txt;10;21;409658;none;none;no;none;0;no;no;none;none;0;0;0;0;0;0
F328;ocr;3;0;344058;none;none;no;none;3;no;yes;599.04 x 842.04 pts;1.3;0;1;1;1;0;0
F329;ocr;3;3;115276;none;iText 5.0.4 (c) 1T3XT BVBA;no;none;0;no;no;none;none;0;0;0;0;0;0
F330;txt;26;2;31801;none;null ;no;none;5;yes (print:yes copy:no change:no addNotes:no algorithm:RC4);no;595 x 842 pts (A4);1.3;0;16;35;19;6;66
F331;txt;31;2;31501;none;null ;no;none;6;yes (print:yes copy:no change:no addNotes:no algorithm:RC4);no;595 x 842 pts (A4);1.3;0;16;37;16;6;66
F332;txt;26;2;30341;none;null ;no;none;5;yes (print:yes copy:no change:no addNotes:no algorithm:RC4);no;595 x 842 pts (A4);1.3;0;16;40;22;6;66
F333;ocr;3;0;233124;Canon iR-ADV 6055                ;Adobe PSL 1.1e for Canon ;no;none;3;no;yes;594.36 x 840.78 pts;1.4;0;1;1;1;0;0
F334;ocr;9;0;528864;Canon iR-ADV 6055                ;Adobe PSL 1.1e for Canon ;no;none;9;no;yes;594.36 x 840.78 pts;1.4;0;1;1;1;0;0
F335;ocr;1;0;191240;RICOH MP 2554 ;RICOH MP 2554 ;no;none;1;no;yes;842.04 x 595.44 pts (A4);1.4;270;1;0;0;0;0
F336;ocr;2;0;148192;none;none;no;none;2;no;yes;599.04 x 842.04 pts;1.3;0;1;1;1;0;0
F337;ocr;2;0;151864;none;none;no;none;2;no;yes;599.04 x 842.04 pts;1.3;0;1;1;1;0;0
F338;txt;2;12;401203;none;iText 5.0.4 (c) 1T3XT BVBA;no;none;0;no;no;none;none;0;0;0;0;0;0
F339;txt;4;5;104073;PDFsharp 1.2.1269-g (www.pdfsharp.com) ;PDFsharp 1.2.1269-g (www.pdfsharp.com) ;no;none;2;no;no;595 x 842 pts (A4);1.4;0;30;48;48;8;158
F340;ocr;3;2;164711;PDFsharp 1.32.2608-g (www.pdfsharp.net) ;PDFsharp 1.32.2608-g (www.pdfsharp.net) ;no;none;3;no;yes;595.44 x 842.04 pts (A4);1.4;0;10;10;10;0;25
F341;txt;2;9;197969;Microsoft® Word 2010 ;PDFsharp 1.32.2608-g (www.pdfsharp.net) (Original: þÿ M i c r o s o f t ®   W o r d   2 0 1 0) ;no;none;2;no;no;595.32 x 841.92 pts (A4);1.5;0;31;66;66;11;157
F342;txt;3;3;200262;FUJITSU fi-6130dj #4 ;Adobe Acrobat Pro 11.0.5 Paper Capture Plug-in ;no;none;1;no;yes;595.2 x 841.44 pts;1.6;0;22;0;0;12;155
F343;ocr;2;0;46889;Gestion Juridica;http://www.adultpdf.com ;no;none;2;no;yes;594 x 792 pts;1.4;0;1;1;1;0;0
F344;ocr;4;0;214588;Gestion Juridica;http://www.adultpdf.com ;no;none;4;no;yes;594 x 792 pts;1.4;0;1;1;1;0;0
F345;ocr;6;0;558032;RICOH Aficio MP 7502 ;RICOH Aficio MP 7502 ;no;none;6;no;yes;842.04 x 595.44 pts (A4);1.6;270;1;1;1;0;0
F346;ocr;4;0;414455;RICOH Aficio MP 7502 ;RICOH Aficio MP 7502 ;no;none;4;no;yes;842.04 x 595.44 pts (A4);1.6;270;1;1;1;0;0
F347;txt;1;3;291267;none;EVO HTML to PDF Converter 5.6 ;no;AcroForm;1;no;yes;612 x 842 pts;1.6;0;51;0;0;11;47
F348;ocr;32;0;3403401; ;GdPicture.NET 6.6.3 edition. - http://www.gdpicture.com ;no;none;32;no;yes;595 x 842 pts (A4);1.4;0;1;1;1;0;0
F349;ocr;2;0;97745; ;GdPicture.NET 6.6.3 edition. - http://www.gdpicture.com ;no;none;2;no;yes;595 x 842 pts (A4);1.4;0;1;1;1;0;0
F350;ocr;3;3;438661;none;iText 5.0.4 (c) 1T3XT BVBA;no;none;0;no;no;none;none;0;0;0;0;0;0
F351;txt;3;10;158583;Microsoft® Word 2013 ;PDFsharp 1.32.2608-g (www.pdfsharp.net) (Original: þÿ M i c r o s o f t ®   W o r d   2 0 1 3) ;no;none;3;no;no;595 x 842 pts (A4);1.5;0;34;44;72;2;109
F352;txt;9;15;589418;PDFsharp 1.32.2608-g (www.pdfsharp.net) ;PDFsharp 1.32.2608-g (www.pdfsharp.net) ;no;none;11;no;yes;595 x 842 pts (A4);1.4;0;42;44;11;2;114
F353;ocr;1;0;55851;DocuScan - NewInformatics ;none;no;none;1;no;yes;592 x 842 pts;1.4;0;1;0;0;0;0
F354;txt;3;6;251707;none;iText 5.0.4 (c) 1T3XT BVBA;no;none;0;no;no;none;none;0;0;0;0;0;0
F355;txt;0;6;210091;Word ;Mac OS X 10.9.5 Quartz PDFContext;no;none;0;no;no;none;none;0;0;0;0;0;0
F356;ocr;17;3;718649;PDFCreator Version 1.7.1 ;GPL Ghostscript 9.07 ;no;none;17;no;no;595 x 842 pts (A4);1.4;0;1;1;49;0;0
F357;txt;0;2;24309;PDFCreator Version 1.7.1 ;GPL Ghostscript 9.07 ;no;none;2;no;no;595 x 842 pts (A4);1.4;0;42;35;35;22;286
F358;txt;2;5;75717;PDFsharp 1.2.1269-g (www.pdfsharp.com) ;PDFsharp 1.2.1269-g (www.pdfsharp.com) ;no;none;2;no;no;595 x 842 pts (A4);1.4;0;25;47;47;8;157
F359;ocr;2;0;1602907;PDFsharp 1.2.1269-g (www.pdfsharp.com) ;PDFsharp 1.2.1269-g (www.pdfsharp.com) ;no;none;2;no;yes;595.08 x 841.68 pts;1.4;0;1;1;1;0;0
F360;ocr;1;0;1075087;PDFsharp 1.2.1269-g (www.pdfsharp.com) ;PDFsharp 1.2.1269-g (www.pdfsharp.com) ;no;none;1;no;yes;595.08 x 841.68 pts;1.4;0;1;0;0;0;0
F361;txt;1;2;73507;none;EVO HTML to PDF Converter 5.6 ;no;none;1;no;yes;612 x 842 pts;1.5;0;40;0;0;9;37
F362;txt;0;3;12623;PDFCreator Version 1.7.3 ;GPL Ghostscript 9.10 ;no;none;1;no;yes;595 x 842 pts (A4);1.4;0;31;0;0;15;255
F363;txt;4;8;184180;none;none;no;none;0;no;no;none;none;0;0;0;0;0;0
F364;ocr;3;3;89561;none;iText 5.0.4 (c) 1T3XT BVBA;no;none;0;no;no;none;none;0;0;0;0;0;0
F365;ocr;4;0;123923;Gestion Juridica;http://www.adultpdf.com ;no;none;4;no;yes;594 x 792 pts;1.4;0;1;1;1;0;0
F366;ocr;2;0;56161;PDFlib ;PDFlib 3.03 (CSS) ;no;none;2;no;yes;595.2 x 840.96 pts;1.3;0;1;1;1;0;0
F367;ocr;5;6;142251;PDFsharp 1.32.2608-g (www.pdfsharp.net) ;PDFsharp 1.32.2608-g (www.pdfsharp.net) (Original: iText1.3.1 by lowagie.com (based on itext-paulo-154)) ;no;none;4;no;yes;595 x 842 pts (A4);1.4;0;23;62;10;0;73
F368;ocr;1;0;27522;DocuScan - NewInformatics ;none;no;none;1;no;yes;592 x 842 pts;1.4;0;1;0;0;0;0
F369;txt;4;9;140857;Microsoft® Office Word 2007 ;PDFsharp 1.32.2608-g (www.pdfsharp.net) (Original: þÿ ;no;none;3;no;yes;595 x 842 pts (A4);1.5;0;24;46;59;1;77
F370;txt;4;9;140857;Microsoft® Office Word 2007 ;PDFsharp 1.32.2608-g (www.pdfsharp.net) (Original: þÿ ;no;none;3;no;yes;595 x 842 pts (A4);1.5;0;24;46;59;1;77
F371;txt;4;9;140857;Microsoft® Office Word 2007 ;PDFsharp 1.32.2608-g (www.pdfsharp.net) (Original: þÿ ;no;none;3;no;yes;595 x 842 pts (A4);1.5;0;24;46;59;1;77
F372;ocr;1;0;292563;NAPS2 ;PDFsharp 1.32.2608-g (www.pdfsharp.net) ;no;none;1;no;yes;595 x 841 pts;1.4;0;1;0;0;0;0
F373;ocr;2;0;83990;none;none;no;none;2;no;yes;841.68 x 595.08 pts;1.4;270;1;1;1;0;0
F374;ocr;1;0;64951;none;none;no;none;1;no;yes;841.68 x 595.08 pts;1.4;270;1;0;0;0;0
F375;txt;3;4;248654;none;iText 5.0.4 (c) 1T3XT BVBA;no;none;0;no;no;none;none;0;0;0;0;0;0
F376;txt;1;0;48203;none;iTextSharp 4.0.4 (based on iText 2.0.4) ;no;none;1;no;yes;595 x 842 pts (A4);1.4;0;1;0;0;0;0
F377;txt;0;2;70650;none;tx_pdf 21.0.151.500 ;no;none;2;no;yes;595.15 x 841.65 pts;1.4;0;54;3;3;24;378
F378;ocr;729;0;743927;KM_C224e ;KONICA MINOLTA bizhub C224e ;no;none;31;no;yes;595 x 841 pts;1.5;0;1;1;1;0;0
F379;ocr;55;0;95271;KM_C224e ;KONICA MINOLTA bizhub C224e ;no;none;3;no;yes;595 x 841 pts;1.5;0;1;1;1;0;0
F380;ocr;20;0;691507;none;EPSON Scan ;no;none;20;no;yes;595 x 842 pts (A4);1.4;0;1;1;1;0;0
F381;ocr;1;0;123863;RICOH MP 5054 ;RICOH MP 5054 ;no;none;1;no;yes;842.04 x 595.44 pts (A4);1.4;270;1;0;0;0;0
F382;ocr;2;2;11460;none;iText1.3.1 by lowagie.com (based on itext-paulo-154) ;no;none;1;no;yes;595 x 842 pts (A4);1.4;0;51;0;0;17;129
F383;txt;4;10;175641;none;none;no;none;0;no;no;none;none;0;0;0;0;0;0
F384;ocr;2;0;157730;RICOH MP 5054 ;RICOH MP 5054 ;no;none;2;no;yes;842.04 x 595.44 pts (A4);1.4;270;1;1;1;0;0
F385;txt;4;5;69399;PDFsharp 1.2.1269-g (www.pdfsharp.com) ;PDFsharp 1.2.1269-g (www.pdfsharp.com) ;no;none;2;no;yes;595 x 842 pts (A4);1.4;0;30;52;52;9;171
F386;txt;2;2;96400;PScript5.dll Version 5.2.2 ;AFPL Ghostscript 8.50 ;no;none;2;no;yes;595 x 842 pts (A4);1.3;0;47;1;1;15;271
F387;txt;10;15;296176;none;none;no;none;0;no;no;none;none;0;0;0;0;0;0
F388;txt;1;11;338726;PDFCreator Version 1.7.1 ;GPL Ghostscript 9.07;no;none;0;no;no;none;none;0;0;0;0;0;0
F389;ocr;42;0;6637009;KMBT_283 ;KONICA MINOLTA bizhub 283 ;no;none;42;no;yes;595.08 x 841.68 pts;1.4;0;1;1;1;0;0
F390;ocr;3;12;479528;none;iText 5.0.4 (c) 1T3XT BVBA;no;none;0;no;no;none;none;0;0;0;0;0;0
F391;ocr;1;0;322547;KMBT_283 ;KONICA MINOLTA bizhub 283 ;no;none;1;no;yes;595.08 x 841.68 pts;1.4;0;1;0;0;0;0
F392;txt;1;2;27581;none;itext-paulo (lowagie.com) - build 130 ;no;none;3;no;yes;595 x 842 pts (A4);1.4;0;30;43;20;19;300
F393;txt;1;2;24395;none;itext-paulo (lowagie.com) - build 130 ;no;none;2;no;yes;595 x 842 pts (A4);1.4;0;30;3;3;20;309
F394;txt;1;2;24285;none;itext-paulo (lowagie.com) - build 130 ;no;none;2;no;yes;595 x 842 pts (A4);1.4;0;30;3;3;22;291
F395;txt;77;23;314564;PDFCreator Version 1.7.3 ;GPL Ghostscript 9.10 ;no;none;21;no;yes;595 x 842 pts (A4);1.4;0;19;39;69;8;58
F396;txt;2;4;81898;Microsoft® Word 2010 ;Microsoft® Word 2010 ;yes;none;2;no;yes;595.32 x 841.92 pts (A4);1.5;0;41;1;1;20;349
F397;ocr;1;0;36121;PFU ScanSnap Manager 5.1.60 #S1300i ;Adobe PDF Scan Library 3.2 ;no;none;1;no;yes;584.16 x 833.28 pts;1.3;0;1;0;0;0;0
F398;ocr;5;0;193945;PScript5.dll Version 5.2.2 ;Acrobat Distiller 9.0.0 (Windows) ;no;none;5;no;yes;595 x 842 pts (A4);1.5;0;1;1;1;0;0
F399;ocr;1;0;31587;PScript5.dll Version 5.2.2 ;Acrobat Distiller 9.0.0 (Windows) ;no;none;1;no;yes;595 x 842 pts (A4);1.5;0;1;0;0;0;0
F400;ocr;635;0;5509289;bizhub C3350 ;bizhub C3350 ;no;none;16;no;yes;595.296 x 841.896 pts (A4);1.3;0;1;1;1;0;0
F401;txt;1;2;264044;none;tx_pdf 21.0.151.500 ;no;none;1;no;yes;612 x 792 pts (letter);1.4;0;15;0;0;8;116
F402;ocr;1;0;62562;PScript5.dll Version 5.2.2 ;Acrobat Distiller 8.0.0 (Windows) ;no;none;1;no;yes;595 x 842 pts (A4);1.4;0;1;0;0;0;0
F403;txt;0;13;46824;PDFsharp 1.2.1269-g (www.pdfsharp.com) ;PDFsharp 1.2.1269-g (www.pdfsharp.com) ;no;none;3;no;yes;595 x 842 pts (A4);1.4;0;30;41;52;1;104
F404;ocr;4;10;2379163;PDFsharp 1.2.1269-g (www.pdfsharp.com) ;PDFsharp 1.2.1269-g (www.pdfsharp.com) ;no;none;5;no;yes;595 x 842 pts (A4);1.4;0;30;1;1;1;107
F405;txt;3;5;103460;none;EVO HTML to PDF Converter 5.6 ;no;AcroForm;3;no;yes;612 x 842 pts;1.5;0;60;44;8;24;64
F406;txt;26;34;7047792;PDFsharp 1.2.1269-g (www.pdfsharp.com) ;PDFsharp 1.2.1269-g (www.pdfsharp.com) ;no;none;32;no;no;595.28 x 841.89 pts (A4);1.4;0;33;86;86;7;193
F407;txt;3;13;191016;none;iText 5.0.4 (c) 1T3XT BVBA;no;none;0;no;no;none;none;0;0;0;0;0;0
F408;txt;1;2;24515;none;itext-paulo (lowagie.com) - build 130 ;no;none;2;no;yes;595 x 842 pts (A4);1.4;0;30;5;5;23;330
F409;txt;1;2;25413;none;itext-paulo (lowagie.com) - build 130 ;no;none;2;no;yes;595 x 842 pts (A4);1.4;0;30;22;22;22;328
F410;txt;1;2;25408;none;itext-paulo (lowagie.com) - build 130 ;no;none;2;no;yes;595 x 842 pts (A4);1.4;0;29;20;20;21;320
F411;txt;1;2;25361;none;itext-paulo (lowagie.com) - build 130 ;no;none;2;no;yes;595 x 842 pts (A4);1.4;0;31;21;21;18;315
F412;txt;4;1;123644;Xerox WorkCentre 5330 ;Xerox WorkCentre 5330 ;no;none;4;no;yes;595.44 x 842.4 pts (A4);1.3;0;38;29;8;24;328
F413;txt;0;4;117789;Microsoft® Office Word 2007 ;Microsoft® Office Word 2007 ;yes;none;2;no;yes;595.32 x 842.04 pts (A4);1.5;0;37;17;17;4;212
F414;txt;0;5;152806;Microsoft® Office Word 2007 ;Microsoft® Office Word 2007 ;yes;none;2;no;yes;595.32 x 842.04 pts (A4);1.5;0;41;12;12;8;271
F415;txt;4;1;128729;Xerox WorkCentre 5330 ;Xerox WorkCentre 5330 ;no;none;4;no;yes;595.44 x 842.4 pts (A4);1.3;0;45;40;157;12;248
F416;ocr;2;0;52360;Xerox WorkCentre 5645 ;Xerox WorkCentre 5645 ;no;none;2;no;yes;595 x 842 pts (A4);1.4;0;1;1;1;0;0
F417;ocr;2;0;55622;PScript5.dll Version 5.2.2 ;Acrobat Distiller 9.0.0 (Windows) ;no;none;2;no;yes;595 x 842 pts (A4);1.5;0;1;1;1;0;0
F418;txt;3;5;127244;PDFsharp 1.2.1269-g (www.pdfsharp.com) ;PDFsharp 1.2.1269-g (www.pdfsharp.com) ;no;none;3;no;yes;595 x 842 pts (A4);1.4;0;42;27;50;14;230
F419;ocr;1;0;85598;none;none;no;none;1;no;yes;595.44 x 842.04 pts (A4);1.4;0;1;0;0;0;0
F420;ocr;1;0;58883;Sistemas Juridicos ;Gateway Software Productions, PDF_OCX v1.5 ;no;none;1;no;yes;599.04 x 841.68 pts;1.4;0;1;0;0;0;0
F421;ocr;37;0;723492;PScript5.dll Version 5.2.2 ;Acrobat Distiller 8.0.0 (Windows) ;no;none;37;no;yes;595 x 842 pts (A4);1.4;0;1;1;1;0;0
F422;ocr;2;0;587993;Canon iR C3580                   ;Canon iR C3580                   ;no;none;2;no;yes;594.36 x 840.6 pts;1.3;0;1;1;1;0;0
F423;txt;8;7;51269;none;iText 2.0.8 (by lowagie.com) ;no;none;3;no;yes;595 x 842 pts (A4);1.5;0;22;86;51;7;74
F424;txt;4;7;22753;none;iText 2.0.8 (by lowagie.com) ;no;none;2;no;yes;595 x 842 pts (A4);1.5;0;17;57;57;7;55
F425;txt;-2;-2;;none;none;no;none;0;no;no;none;none;0;1;0;0;0;0
F426;ocr;2;0;89177;Sistemas Juridicos ;Gateway Software Productions, PDF_OCX v1.5 ;no;none;2;no;yes;599.04 x 841.68 pts;1.4;0;1;1;1;0;0
F427;ocr;3;4;154951;PDFsharp 1.2.1269-g (www.pdfsharp.com) ;PDFsharp 1.2.1269-g (www.pdfsharp.com) ;no;none;3;no;no;841.68 x 595.08 pts;1.4;270;3;47;2;0;10
F428;ocr;1;0;24309;Canon iR1740 ;Canon iR1740 ;no;none;1;no;yes;583.68 x 843.36 pts;1.3;0;1;0;0;0;0
F429;ocr;1;0;174045;Canon iR-ADV 6055                ;Adobe PSL 1.1e for Canon ;no;none;1;no;yes;594.36 x 840.78 pts;1.4;0;1;0;0;0;0
F430;ocr;1;0;29214;DocuScan - NewInformatics ;none;no;none;1;no;yes;592 x 842 pts;1.4;0;1;0;0;0;0
F431;txt;2;4;153659;none;none;no;none;0;no;no;none;none;0;0;0;0;0;0
F432;ocr;1;0;47497;DocuScan - NewInformatics ;none;no;none;1;no;yes;592 x 842 pts;1.4;0;1;0;0;0;0
F433;ocr;1;0;63676;PScript5.dll Version 5.2.2 ;Acrobat Distiller 8.0.0 (Windows) ;no;none;1;no;yes;595 x 842 pts (A4);1.4;0;1;0;0;0;0
F434;ocr;2;0;63072;PScript5.dll Version 5.2.2 ;Acrobat Distiller 8.0.0 (Windows) ;no;none;2;no;yes;595 x 842 pts (A4);1.4;0;1;1;1;0;0
F435;txt;2;18;154683;PDFsharp 1.2.1269-g (www.pdfsharp.com) ;PDFsharp 1.2.1269-g (www.pdfsharp.com) ;no;none;4;no;no;595 x 842 pts (A4);1.4;0;32;35;38;1;119
F436;txt;0;13;76996;PDFsharp 1.2.1269-g (www.pdfsharp.com) ;PDFsharp 1.2.1269-g (www.pdfsharp.com) ;no;none;3;no;yes;595 x 842 pts (A4);1.4;0;32;62;31;1;121
F437;txt;1;17;109317;PDFsharp 1.2.1269-g (www.pdfsharp.com) ;PDFsharp 1.2.1269-g (www.pdfsharp.com) ;no;none;4;no;yes;595 x 842 pts (A4);1.4;0;38;47;32;1;115
F438;txt;8;20;1244846;PDFsharp 1.2.1269-g (www.pdfsharp.com) ;PDFsharp 1.2.1269-g (www.pdfsharp.com) ;no;none;10;no;no;595 x 842 pts (A4);1.4;0;31;53;1;1;113
F439;ocr;1;0;303373;KM_224e ;KONICA MINOLTA bizhub 224e ;no;none;1;no;yes;595 x 841 pts;1.4;0;1;0;0;0;0
F440;ocr;2;0;32205;PScript5.dll Version 5.2.2 ;Acrobat Distiller 9.0.0 (Windows) ;no;none;2;no;yes;595 x 842 pts (A4);1.5;0;1;1;1;0;0
F441;txt;1;2;24273;none;itext-paulo (lowagie.com) - build 130 ;no;none;2;no;yes;595 x 842 pts (A4);1.4;0;29;3;3;21;292
F442;ocr;32;0;3439210;none;none;no;none;32;no;yes;578.16 x 817.92 pts;1.3;0;1;1;1;0;0
F443;ocr;1;0;53379;none;none;no;none;1;no;yes;596.16 x 842.04 pts (A4);1.3;0;1;0;0;0;0
F444;txt;2;5;110117;PDFsharp 1.2.1269-g (www.pdfsharp.com) ;PDFsharp 1.2.1269-g (www.pdfsharp.com) ;no;none;2;no;no;595 x 842 pts (A4);1.4;0;37;52;52;12;195
F445;txt;2;5;109992;PDFsharp 1.2.1269-g (www.pdfsharp.com) ;PDFsharp 1.2.1269-g (www.pdfsharp.com) ;no;none;2;no;no;595 x 842 pts (A4);1.4;0;36;52;52;7;179
F446;txt;2;5;111492;PDFsharp 1.2.1269-g (www.pdfsharp.com) ;PDFsharp 1.2.1269-g (www.pdfsharp.com) ;no;none;2;no;no;595 x 842 pts (A4);1.4;0;45;52;52;20;301
F447;txt;0;18;85450;PScript5.dll Version 5.2.2 ;AFPL Ghostscript 8.50 ;no;none;1;no;yes;595 x 842 pts (A4);1.3;0;40;0;0;26;314
F448;ocr;3;0;88502;PScript5.dll Version 5.2.2 ;Acrobat Distiller 7.0 (Windows) ;no;none;3;no;yes;595 x 842 pts (A4);1.4;0;1;1;1;0;0
F449;ocr;2;0;102807;none;none;no;none;2;no;yes;578.16 x 824.4 pts;1.3;0;1;1;1;0;0
F450;txt;3;5;279919;none;iText 5.0.4 (c) 1T3XT BVBA;no;none;0;no;no;none;none;0;0;0;0;0;0
F451;txt;3;8;126398;none;iText 5.0.4 (c) 1T3XT BVBA;no;none;0;no;no;none;none;0;0;0;0;0;0
F452;ocr;1;0;38064;PScript5.dll Version 5.2.2 ;Acrobat Distiller 9.5.5 (Windows) ;no;none;1;no;yes;595 x 842 pts (A4);1.5;0;1;0;0;0;0
F453;txt;35;59;888882;Nitro Pro 8 ;none;no;AcroForm;28;no;yes;595 x 842 pts (A4);1.7;90;60;2;47;20;167
F454;ocr;2;0;103570;Sistemas Juridicos ;Gateway Software Productions, PDF_OCX v1.5 ;no;none;2;no;yes;595.08 x 841.68 pts;1.4;0;1;1;1;0;0
F455;ocr;3;3;100365;none;iText 5.0.4 (c) 1T3XT BVBA;no;none;0;no;no;none;none;0;0;0;0;0;0
F456;txt;2;8;173044;none;iText 5.0.4 (c) 1T3XT BVBA;no;none;0;no;no;none;none;0;0;0;0;0;0
F457;txt;3;6;99297;none;iText® 5.1.3 ©2000-2011 1T3XT BVBA ;no;none;1;no;yes;595 x 842 pts (A4);1.4;0;43;0;0;17;307
F458;ocr;1;0;161942;LTEscaner.Exe ;EZTwain Pro 3.30b28 using EZPdf 1.52 ;no;none;1;no;yes;595.44 x 841.68 pts;1.4;0;1;0;0;0;0
F459;ocr;1;0;23311;Xerox WorkCentre 5645 ;Xerox WorkCentre 5645 ;no;none;1;no;yes;595 x 842 pts (A4);1.4;0;1;0;0;0;0
F460;txt;1390;20;378258;PDFsharp 1.2.1269-g (www.pdfsharp.com) ;PDFsharp 1.2.1269-g (www.pdfsharp.com) ;no;none;3;no;yes;595 x 842 pts (A4);1.4;0;41;45;53;19;295
F461;txt;0;2;62612;PDFCreator Version 1.7.0 ;GPL Ghostscript 9.07;no;none;0;no;no;none;none;0;0;0;0;0;0
F462;txt;2;4;94263;none;iText 5.0.4 (c) 1T3XT BVBA;no;none;0;no;no;none;none;0;0;0;0;0;0
F463;txt;0;2;23445;JasperReports (consulta Movimientos Cuenta Expediente) ;iText 2.1.7 by 1T3XT ;no;none;8;no;yes;595 x 842 pts (A4);1.5;90;223;239;37;3;297
F464;txt;3;6;176946;none;iText 5.0.4 (c) 1T3XT BVBA;no;none;0;no;no;none;none;0;0;0;0;0;0
F465;txt;10;17;295476;none;iText 2.0.8 (by lowagie.com) ;no;none;6;no;yes;595 x 842 pts (A4);1.4;0;21;26;58;6;71
F466;txt;10;16;297700;none;iText 2.0.8 (by lowagie.com) ;no;none;6;no;yes;595 x 842 pts (A4);1.4;0;20;11;25;6;65
F467;txt;4;7;183385;none;none;no;none;0;no;no;none;none;0;0;0;0;0;0
F468;txt;4;7;183385;none;none;no;none;0;no;no;none;none;0;0;0;0;0;0
F469;ocr;5;2;491216;PDFCreator Version 1.7.3 ;GPL Ghostscript 9.10 ;no;none;4;no;yes;595 x 842 pts (A4);1.4;0;52;8;1;0;73
F470;ocr;4;2;288223;PDFCreator Version 1.7.3 ;GPL Ghostscript 9.10 ;no;none;3;no;yes;595 x 842 pts (A4);1.4;0;52;7;1;0;73
F471;ocr;5;2;554761;PDFCreator Version 1.7.3 ;GPL Ghostscript 9.10 ;no;none;4;no;yes;595 x 842 pts (A4);1.4;0;52;7;1;0;73
F472;ocr;8;0;1345591;none;none;no;none;8;no;yes;841.89 x 595.276 pts (A4);1.4;270;1;1;1;0;0
F473;ocr;2;0;72469;PScript5.dll Version 5.2.2 ;Acrobat Distiller 8.0.0 (Windows) ;no;none;2;no;yes;595 x 842 pts (A4);1.4;0;1;1;1;0;0
F474;txt;4;2;204466;PDFCreator Version 1.7.3 ;GPL Ghostscript 9.10 ;no;none;2;no;yes;595 x 842 pts (A4);1.4;0;47;27;27;0;67
F475;ocr;6;19;528806;OmniPage CSDK 19 ;PDFsharp 1.32.2608-g (www.pdfsharp.net) (Original: OmniPage OCR Service) ;yes;none;4;no;no;595 x 842 pts (A4);1.4;0;23;101;56;1;75
F476;ocr;1;0;49205;DocuScan - NewInformatics ;none;no;none;1;no;yes;592 x 842 pts;1.4;0;1;0;0;0;0
F477;txt;3;3;101993;Canon iR-ADV 6275  PDF ;Adobe PSL 1.2e for Canon ;no;none;3;no;yes;841.44 x 595.2 pts;1.4;270;60;81;63;15;281
F478;ocr;3;0;125740;Sistemas Juridicos ;Gateway Software Productions, PDF_OCX v1.5 ;no;none;3;no;yes;593.28 x 846 pts;1.4;0;1;1;1;0;0
F479;ocr;2;0;350089;Sistemas Juridicos ;Gateway Software Productions, PDF_OCX v1.5 ;no;none;2;no;yes;595.08 x 841.68 pts;1.4;0;1;1;1;0;0
F480;ocr;2;0;96986;Sistemas Juridicos ;Gateway Software Productions, PDF_OCX v1.5 ;no;none;2;no;yes;595.08 x 841.68 pts;1.4;0;1;1;1;0;0
F481;ocr;24;0;241746;Gestion Juridica;http://www.adultpdf.com ;no;none;24;no;yes;594 x 792 pts;1.4;0;1;1;1;0;0
F482;txt;0;8;148758;PDFsharp 1.2.1269-g (www.pdfsharp.com) ;PDFsharp 1.2.1269-g (www.pdfsharp.com) ;no;none;3;no;yes;595.35 x 842 pts (A4);1.4;0;44;37;30;19;232
F483;txt;1;4;10335;none;iText 2.0.8 (by lowagie.com) ;no;none;1;no;yes;595 x 842 pts (A4);1.4;0;17;0;0;9;67
F484;txt;15;24;479654;none;iText 2.0.8 (by lowagie.com) ;no;none;8;no;yes;595 x 842 pts (A4);1.4;0;22;40;25;8;62
F485;txt;15;24;479654;none;iText 2.0.8 (by lowagie.com) ;no;none;8;no;yes;595 x 842 pts (A4);1.4;0;22;40;25;8;62
F486;txt;15;24;479990;none;iText 2.0.8 (by lowagie.com) ;no;none;8;no;yes;595 x 842 pts (A4);1.4;0;22;57;35;8;62
F487;txt;0;6;90172;Microsoft® Office Word 2007 ;Microsoft® Office Word 2007 ;yes;none;2;no;yes;595.32 x 842.04 pts (A4);1.5;0;33;2;2;13;265
F488;txt;2;3;16543;none;iText 2.0.8 (by lowagie.com) ;no;none;1;no;yes;612 x 792 pts (letter);1.4;0;29;0;0;5;57
F489;txt;2;3;16753;none;iText 2.0.8 (by lowagie.com) ;no;none;1;no;yes;612 x 792 pts (letter);1.4;0;44;0;0;8;89
F490;ocr;2;0;68393;Sistemas Juridicos ;Gateway Software Productions, PDF_OCX v1.5 ;no;none;2;no;yes;586.8 x 845.64 pts;1.4;0;1;1;1;0;0
F491;txt;3;6;268777;none;iText 5.0.4 (c) 1T3XT BVBA;no;none;0;no;no;none;none;0;0;0;0;0;0
F492;ocr;20;9;809798;PDFsharp 1.2.1269-g (www.pdfsharp.com) ;PDFsharp 1.2.1269-g (www.pdfsharp.com) ;no;none;22;no;no;595 x 842 pts (A4);1.4;90;46;1;5;16;134
F493;txt;1;2;57595;Microsoft Office Word ;Aspose.Words for .NET 10.3.0.0 ;no;none;1;no;yes;595.3 x 841.9 pts (A4);1.5;0;52;0;0;13;211
F494;txt;0;3;59013;PScript5.dll Version 5.2.2 ;GPL Ghostscript 8.15 ;no;none;1;no;yes;595 x 842 pts (A4);1.4;0;15;0;0;6;72
F495;ocr;2;0;103106;Canon iR1024 ;Canon iR1024 ;no;none;2;no;yes;599.04 x 837.12 pts;1.3;0;1;1;1;0;0
F496;ocr;2;0;81796;DocuScan - NewInformatics ;none;no;none;2;no;yes;592 x 842 pts;1.4;0;1;1;1;0;0
F497;ocr;1;0;43576;Gestion Juridica;http://www.adultpdf.com ;no;none;1;no;yes;594 x 792 pts;1.4;0;1;0;0;0;0
F498;ocr;1;0;59656;Gestion Juridica;http://www.adultpdf.com ;no;none;1;no;yes;594 x 792 pts;1.4;0;1;0;0;0;0
F499;txt;695;20;231868;PDFsharp 1.2.1269-g (www.pdfsharp.com) ;PDFsharp 1.2.1269-g (www.pdfsharp.com) ;no;none;2;no;yes;595 x 842 pts (A4);1.4;0;48;45;45;23;345
F500;ocr;699;20;439171;PDFsharp 1.2.1269-g (www.pdfsharp.com) ;PDFsharp 1.2.1269-g (www.pdfsharp.com) ;no;none;6;no;yes;595 x 842 pts (A4);1.4;0;43;1;51;22;324
F501;ocr;1;0;33096;DocuScan - NewInformatics ;none;no;none;1;no;yes;592 x 842 pts;1.4;0;1;0;0;0;0
F502;ocr;102;0;1700352;PDFCreator Version 1.7.1 ;GPL Ghostscript 9.07 ;no;none;29;no;no;595 x 842 pts (A4);1.4;0;1;1;1;0;0
F503;ocr;7;0;140533;PDFCreator Version 1.7.1 ;GPL Ghostscript 9.07 ;no;none;2;no;no;595 x 842 pts (A4);1.4;0;1;1;1;0;0
F504;ocr;2;0;104156;Sistemas Juridicos ;Gateway Software Productions, PDF_OCX v1.5 ;no;none;2;no;yes;591.12 x 846 pts;1.4;0;1;1;1;0;0
F505;txt;1;2;25140;none;itext-paulo (lowagie.com) - build 130 ;no;none;2;no;yes;595 x 842 pts (A4);1.4;0;30;19;19;19;303
F506;ocr;2;0;106267;I.R.I.S. ;Image Recognition Integrated Systems, Autoformat5,0,0,229 ;no;none;2;no;yes;597 x 840 pts;1.5;0;1;1;1;0;0
F507;txt;5;5;94810;Nitro Pro 8 ;none;no;AcroForm;5;no;yes;595 x 842 pts (A4);1.7;90;50;32;1;17;157
F508;txt;1;8;453694;Microsoft® Word 2013 ;Microsoft® Word 2013;no;none;0;no;no;none;none;0;0;0;0;0;0
F509;txt;2;10;300288;none;iText 5.0.4 (c) 1T3XT BVBA;no;none;0;no;no;none;none;0;0;0;0;0;0
F510;ocr;2085;45;614467;PDFsharp 1.2.1269-g (www.pdfsharp.com) ;PDFsharp 1.2.1269-g (www.pdfsharp.com) ;no;none;5;no;yes;595 x 842 pts (A4);1.4;0;46;46;22;28;309
F511;ocr;1;0;48317;none;none;no;none;1;no;yes;595.44 x 842.04 pts (A4);1.4;0;1;0;0;0;0
F512;ocr;58;0;99069;KM_C224e ;KONICA MINOLTA bizhub C224e ;no;none;2;no;yes;595 x 841 pts;1.5;0;1;1;1;0;0
F513;txt;2;7;264914;none;iText 5.0.4 (c) 1T3XT BVBA;no;none;0;no;no;none;none;0;0;0;0;0;0
F514;ocr;1;0;46849;PScript5.dll Version 5.2.2 ;Acrobat Distiller 8.0.0 (Windows) ;no;none;1;no;yes;595 x 842 pts (A4);1.4;0;1;0;0;0;0
F515;ocr;42;0;77114;KM_C224e ;KONICA MINOLTA bizhub C224e ;no;none;2;no;yes;595 x 841 pts;1.5;0;1;1;1;0;0
F516;txt;4;8;129682;none;iTextSharp 4.0.4 (based on iText 2.0.4) ;no;AcroForm;2;no;yes;595.28 x 841.89 pts (A4);1.4;0;67;10;10;35;451
F517;ocr;2;0;50846; ; ;no;none;2;no;yes;595 x 841 pts;1.4;0;1;1;1;0;0
F518;ocr;1;0;34845; ; ;no;none;1;no;yes;595 x 841 pts;1.4;0;1;0;0;0;0
F519;ocr;1;0;41937; ; ;no;none;1;no;yes;595 x 841 pts;1.4;0;1;0;0;0;0
F520;txt;2;3;82536;Microsoft Office Word ;Aspose.Words for .NET 10.3.0.0 ;no;AcroForm;2;no;yes;595.3 x 841.9 pts (A4);1.6;0;59;7;7;27;307
